/*
 Navicat Premium Data Transfer

 Source Server         : MySQL Connect
 Source Server Type    : MySQL
 Source Server Version : 80022
 Source Host           : localhost:3306
 Source Schema         : experiment

 Target Server Type    : MySQL
 Target Server Version : 80022
 File Encoding         : 65001

 Date: 03/06/2021 22:32:01
*/

SET NAMES utf8mb4;
SET FOREIGN_KEY_CHECKS = 0;

-- ----------------------------
-- Table structure for admin
-- ----------------------------
DROP TABLE IF EXISTS `admin`;
CREATE TABLE `admin`  (
  `id` int(0) UNSIGNED NOT NULL AUTO_INCREMENT,
  `username` varchar(25) CHARACTER SET utf8 COLLATE utf8_general_ci NOT NULL,
  `password` varchar(25) CHARACTER SET utf8 COLLATE utf8_general_ci NOT NULL,
  `role` varchar(25) CHARACTER SET utf8 COLLATE utf8_general_ci NOT NULL,
  PRIMARY KEY (`id`) USING BTREE
) ENGINE = InnoDB AUTO_INCREMENT = 8 CHARACTER SET = utf8 COLLATE = utf8_general_ci ROW_FORMAT = Dynamic;

-- ----------------------------
-- Records of admin
-- ----------------------------
INSERT INTO `admin` VALUES (1, 'admin', '000000', '管理员');

-- ----------------------------
-- Table structure for course
-- ----------------------------
DROP TABLE IF EXISTS `course`;
CREATE TABLE `course`  (
  `id` int(0) UNSIGNED NOT NULL AUTO_INCREMENT,
  `time_length` int(0) NOT NULL COMMENT '每次课时长',
  `week_length` int(0) NOT NULL COMMENT '一共几周课',
  `week_number` int(0) NOT NULL COMMENT '一周几次课',
  `teacher_id` int(0) UNSIGNED NOT NULL,
  `course_name` varchar(25) CHARACTER SET utf8 COLLATE utf8_general_ci NOT NULL,
  `state` bit(1) NOT NULL DEFAULT b'0' COMMENT '课程是否逸轩实验室 1:已选 0：未选',
  `summary_time` int(0) NULL DEFAULT NULL COMMENT '总课时',
  PRIMARY KEY (`id`, `course_name`) USING BTREE,
  INDEX `ct`(`teacher_id`) USING BTREE,
  INDEX `id`(`id`) USING BTREE,
  INDEX `course_name`(`course_name`) USING BTREE,
  INDEX `id_2`(`id`) USING BTREE,
  CONSTRAINT `ct` FOREIGN KEY (`teacher_id`) REFERENCES `teacher` (`id`) ON DELETE RESTRICT ON UPDATE RESTRICT
) ENGINE = InnoDB AUTO_INCREMENT = 8 CHARACTER SET = utf8 COLLATE = utf8_general_ci ROW_FORMAT = Dynamic;

-- ----------------------------
-- Records of course
-- ----------------------------
INSERT INTO `course` VALUES (4, 1, 2, 8, 1, '数据结构', b'1', 16);
INSERT INTO `course` VALUES (5, 2, 2, 4, 1, '数字逻辑', b'0', 16);

-- ----------------------------
-- Table structure for laboratory
-- ----------------------------
DROP TABLE IF EXISTS `laboratory`;
CREATE TABLE `laboratory`  (
  `id` int(0) NOT NULL AUTO_INCREMENT,
  `laboratory_name` varchar(25) CHARACTER SET utf8 COLLATE utf8_general_ci NOT NULL,
  `img` varchar(255) CHARACTER SET utf8 COLLATE utf8_general_ci NULL DEFAULT NULL,
  `people_amount` int(0) NULL DEFAULT 30,
  `machine_amount` int(0) NULL DEFAULT 30,
  `number` varchar(30) CHARACTER SET utf8 COLLATE utf8_general_ci NULL DEFAULT NULL COMMENT '实验室编号',
  PRIMARY KEY (`id`) USING BTREE
) ENGINE = InnoDB AUTO_INCREMENT = 13 CHARACTER SET = utf8 COLLATE = utf8_general_ci ROW_FORMAT = Dynamic;

-- ----------------------------
-- Records of laboratory
-- ----------------------------
INSERT INTO `laboratory` VALUES (1, '实验室1', 'http://localhost:8080/static/imgs/OIP.jpeg', 30, 30, 'asd');
INSERT INTO `laboratory` VALUES (6, '实验室2', 'http://localhost:8080/static/imgs/8a900ee7-6c3c-4473-86f1-fb69cc1330ad_OIP3.jpeg', 30, 30, 'qwe');
INSERT INTO `laboratory` VALUES (12, '实验室3', 'http://localhost:8080/static/imgs/61dea390-d155-4dd9-a772-11743064c489_OIP3.jpeg', 30, 30, 'asd');

-- ----------------------------
-- Table structure for menu
-- ----------------------------
DROP TABLE IF EXISTS `menu`;
CREATE TABLE `menu`  (
  `id` int(0) NOT NULL AUTO_INCREMENT,
  `menu_name` varchar(25) CHARACTER SET utf8 COLLATE utf8_general_ci NOT NULL,
  `role` varchar(25) CHARACTER SET utf8 COLLATE utf8_general_ci NOT NULL,
  `path` varchar(255) CHARACTER SET utf8 COLLATE utf8_general_ci NOT NULL,
  PRIMARY KEY (`id`) USING BTREE
) ENGINE = InnoDB AUTO_INCREMENT = 7 CHARACTER SET = utf8 COLLATE = utf8_general_ci ROW_FORMAT = Dynamic;

-- ----------------------------
-- Records of menu
-- ----------------------------
INSERT INTO `menu` VALUES (1, '实验室管理', '管理员  ', 'LaboratoryManage');
INSERT INTO `menu` VALUES (2, '选课详情', '管理员  ', 'TimeTableDetails');
INSERT INTO `menu` VALUES (3, '教师管理', '管理员', 'TeacherManage');
INSERT INTO `menu` VALUES (4, '管理课程', '教师', 'manageCourse');
INSERT INTO `menu` VALUES (5, '选课管理', '教师', 'selectCourse');
INSERT INTO `menu` VALUES (6, '选课详情', '教师', 'teacherTimeTableDetails');

-- ----------------------------
-- Table structure for teacher
-- ----------------------------
DROP TABLE IF EXISTS `teacher`;
CREATE TABLE `teacher`  (
  `id` int(0) UNSIGNED NOT NULL AUTO_INCREMENT,
  `username` varchar(25) CHARACTER SET utf8 COLLATE utf8_general_ci NOT NULL,
  `password` varchar(25) CHARACTER SET utf8 COLLATE utf8_general_ci NOT NULL,
  `deleted` bit(1) NOT NULL COMMENT '0：可用  1：不可以',
  `role` varchar(25) CHARACTER SET utf8 COLLATE utf8_general_ci NULL DEFAULT NULL,
  PRIMARY KEY (`id`) USING BTREE
) ENGINE = InnoDB AUTO_INCREMENT = 127 CHARACTER SET = utf8 COLLATE = utf8_general_ci ROW_FORMAT = Dynamic;

-- ----------------------------
-- Records of teacher
-- ----------------------------
INSERT INTO `teacher` VALUES (1, '张三', '000000', b'0', '教师');
INSERT INTO `teacher` VALUES (2, '李四', '000000', b'0', '教师');
INSERT INTO `teacher` VALUES (3, '王五', '000000', b'0', '教师');
INSERT INTO `teacher` VALUES (4, '赵六', '000000', b'0', '教师');
INSERT INTO `teacher` VALUES (12, 'qweqw', 'weqeq', b'0', '教师');
INSERT INTO `teacher` VALUES (124, 'asd', '111111', b'0', '教师');
INSERT INTO `teacher` VALUES (125, 'asdwa', 'xcsszs', b'1', '教师');
INSERT INTO `teacher` VALUES (126, 'sdw', 'sda', b'1', '教师');

-- ----------------------------
-- Table structure for timetable
-- ----------------------------
DROP TABLE IF EXISTS `timetable`;
CREATE TABLE `timetable`  (
  `id` int(0) NOT NULL,
  `week` int(0) NOT NULL COMMENT '周数',
  `week_day` int(0) NOT NULL COMMENT '周几',
  `lesson` int(0) NOT NULL COMMENT '每节课时间',
  `state` int(0) NOT NULL COMMENT '0：不可用 1：可用无课 2：被选中',
  `laboratory_id` int(0) NULL DEFAULT NULL,
  `course_name` varchar(25) CHARACTER SET utf8 COLLATE utf8_general_ci NULL DEFAULT NULL,
  PRIMARY KEY (`id`) USING BTREE,
  INDEX `tl`(`laboratory_id`) USING BTREE,
  INDEX `tc`(`course_name`) USING BTREE,
  CONSTRAINT `tl` FOREIGN KEY (`laboratory_id`) REFERENCES `laboratory` (`id`) ON DELETE RESTRICT ON UPDATE RESTRICT
) ENGINE = InnoDB CHARACTER SET = utf8 COLLATE = utf8_general_ci ROW_FORMAT = Dynamic;

-- ----------------------------
-- Records of timetable
-- ----------------------------
INSERT INTO `timetable` VALUES (1, 1, 1, 1, 1, 1, '');
INSERT INTO `timetable` VALUES (2, 1, 1, 2, 1, 1, '');
INSERT INTO `timetable` VALUES (3, 1, 1, 3, 2, 1, '');
INSERT INTO `timetable` VALUES (4, 1, 1, 4, 2, 1, '');
INSERT INTO `timetable` VALUES (5, 1, 1, 5, 1, 1, '');
INSERT INTO `timetable` VALUES (6, 1, 2, 1, 1, 1, '');
INSERT INTO `timetable` VALUES (7, 1, 2, 2, 1, 1, '');
INSERT INTO `timetable` VALUES (8, 1, 2, 3, 1, 1, '');
INSERT INTO `timetable` VALUES (9, 1, 2, 4, 1, 1, '');
INSERT INTO `timetable` VALUES (10, 1, 2, 5, 1, 1, '');
INSERT INTO `timetable` VALUES (11, 1, 3, 1, 1, 1, '');
INSERT INTO `timetable` VALUES (12, 1, 3, 2, 1, 1, '');
INSERT INTO `timetable` VALUES (13, 1, 3, 3, 1, 1, '');
INSERT INTO `timetable` VALUES (14, 1, 3, 4, 1, 1, '');
INSERT INTO `timetable` VALUES (15, 1, 3, 5, 1, 1, '');
INSERT INTO `timetable` VALUES (16, 1, 4, 1, 2, 1, '');
INSERT INTO `timetable` VALUES (17, 1, 4, 2, 2, 1, '');
INSERT INTO `timetable` VALUES (18, 1, 4, 3, 1, 1, '');
INSERT INTO `timetable` VALUES (19, 1, 4, 4, 1, 1, '');
INSERT INTO `timetable` VALUES (20, 1, 4, 5, 1, 1, '');
INSERT INTO `timetable` VALUES (21, 1, 5, 1, 1, 1, '');
INSERT INTO `timetable` VALUES (22, 1, 5, 2, 1, 1, '');
INSERT INTO `timetable` VALUES (23, 1, 5, 3, 1, 1, '');
INSERT INTO `timetable` VALUES (24, 1, 5, 4, 1, 1, '');
INSERT INTO `timetable` VALUES (25, 1, 5, 5, 1, 1, '');
INSERT INTO `timetable` VALUES (26, 1, 6, 1, 1, 1, '');
INSERT INTO `timetable` VALUES (27, 1, 6, 2, 1, 1, '');
INSERT INTO `timetable` VALUES (28, 1, 6, 3, 1, 1, '');
INSERT INTO `timetable` VALUES (29, 1, 6, 4, 1, 1, '');
INSERT INTO `timetable` VALUES (30, 1, 6, 5, 1, 1, '');
INSERT INTO `timetable` VALUES (31, 1, 7, 1, 1, 1, '');
INSERT INTO `timetable` VALUES (32, 1, 7, 2, 1, 1, '');
INSERT INTO `timetable` VALUES (33, 1, 7, 3, 1, 1, '');
INSERT INTO `timetable` VALUES (34, 1, 7, 4, 1, 1, '');
INSERT INTO `timetable` VALUES (35, 1, 7, 5, 1, 1, '');
INSERT INTO `timetable` VALUES (36, 2, 1, 1, 1, 1, '');
INSERT INTO `timetable` VALUES (37, 2, 1, 2, 1, 1, '');
INSERT INTO `timetable` VALUES (38, 2, 1, 3, 2, 1, '');
INSERT INTO `timetable` VALUES (39, 2, 1, 4, 2, 1, '');
INSERT INTO `timetable` VALUES (40, 2, 1, 5, 1, 1, '');
INSERT INTO `timetable` VALUES (41, 2, 2, 1, 1, 1, '');
INSERT INTO `timetable` VALUES (42, 2, 2, 2, 1, 1, '');
INSERT INTO `timetable` VALUES (43, 2, 2, 3, 1, 1, '');
INSERT INTO `timetable` VALUES (44, 2, 2, 4, 1, 1, '');
INSERT INTO `timetable` VALUES (45, 2, 2, 5, 1, 1, '');
INSERT INTO `timetable` VALUES (46, 2, 3, 1, 1, 1, '');
INSERT INTO `timetable` VALUES (47, 2, 3, 2, 1, 1, NULL);
INSERT INTO `timetable` VALUES (48, 2, 3, 3, 1, 1, '');
INSERT INTO `timetable` VALUES (49, 2, 3, 4, 1, 1, '');
INSERT INTO `timetable` VALUES (50, 2, 3, 5, 1, 1, '');
INSERT INTO `timetable` VALUES (51, 2, 4, 1, 2, 1, '');
INSERT INTO `timetable` VALUES (52, 2, 4, 2, 2, 1, '');
INSERT INTO `timetable` VALUES (53, 2, 4, 3, 1, 1, '');
INSERT INTO `timetable` VALUES (54, 2, 4, 4, 1, 1, '');
INSERT INTO `timetable` VALUES (55, 2, 4, 5, 1, 1, NULL);
INSERT INTO `timetable` VALUES (56, 2, 5, 1, 1, 1, '');
INSERT INTO `timetable` VALUES (57, 2, 5, 2, 1, 1, '');
INSERT INTO `timetable` VALUES (58, 2, 5, 3, 1, 1, '');
INSERT INTO `timetable` VALUES (59, 2, 5, 4, 1, 1, '');
INSERT INTO `timetable` VALUES (60, 2, 5, 5, 1, 1, '');
INSERT INTO `timetable` VALUES (61, 2, 6, 1, 1, 1, '');
INSERT INTO `timetable` VALUES (62, 2, 6, 2, 1, 1, '');
INSERT INTO `timetable` VALUES (63, 2, 6, 3, 1, 1, '');
INSERT INTO `timetable` VALUES (64, 2, 6, 4, 1, 1, '');
INSERT INTO `timetable` VALUES (65, 2, 6, 5, 1, 1, '');
INSERT INTO `timetable` VALUES (66, 2, 7, 1, 1, 1, '');
INSERT INTO `timetable` VALUES (67, 2, 7, 2, 1, 1, '');
INSERT INTO `timetable` VALUES (68, 2, 7, 3, 1, 1, '');
INSERT INTO `timetable` VALUES (69, 2, 7, 4, 1, 1, '');
INSERT INTO `timetable` VALUES (70, 2, 7, 5, 1, 1, '');
INSERT INTO `timetable` VALUES (71, 3, 1, 1, 1, 1, NULL);
INSERT INTO `timetable` VALUES (72, 3, 1, 2, 1, 1, NULL);
INSERT INTO `timetable` VALUES (73, 3, 1, 3, 2, 1, '');
INSERT INTO `timetable` VALUES (74, 3, 1, 4, 2, 1, '');
INSERT INTO `timetable` VALUES (75, 3, 1, 5, 1, 1, '');
INSERT INTO `timetable` VALUES (76, 3, 2, 1, 1, 1, '');
INSERT INTO `timetable` VALUES (77, 3, 2, 2, 1, 1, '');
INSERT INTO `timetable` VALUES (78, 3, 2, 3, 1, 1, '');
INSERT INTO `timetable` VALUES (79, 3, 2, 4, 1, 1, '');
INSERT INTO `timetable` VALUES (80, 3, 2, 5, 1, 1, '');
INSERT INTO `timetable` VALUES (81, 3, 3, 1, 1, 1, '');
INSERT INTO `timetable` VALUES (82, 3, 3, 2, 1, 1, NULL);
INSERT INTO `timetable` VALUES (83, 3, 3, 3, 1, 1, '');
INSERT INTO `timetable` VALUES (84, 3, 3, 4, 1, 1, '');
INSERT INTO `timetable` VALUES (85, 3, 3, 5, 1, 1, '');
INSERT INTO `timetable` VALUES (86, 3, 4, 1, 2, 1, '');
INSERT INTO `timetable` VALUES (87, 3, 4, 2, 2, 1, '');
INSERT INTO `timetable` VALUES (88, 3, 4, 3, 1, 1, '');
INSERT INTO `timetable` VALUES (89, 3, 4, 4, 1, 1, '');
INSERT INTO `timetable` VALUES (90, 3, 4, 5, 1, 1, NULL);
INSERT INTO `timetable` VALUES (91, 3, 5, 1, 1, 1, '');
INSERT INTO `timetable` VALUES (92, 3, 5, 2, 1, 1, '');
INSERT INTO `timetable` VALUES (93, 3, 5, 3, 1, 1, '');
INSERT INTO `timetable` VALUES (94, 3, 5, 4, 1, 1, '');
INSERT INTO `timetable` VALUES (95, 3, 5, 5, 1, 1, '');
INSERT INTO `timetable` VALUES (96, 3, 6, 1, 1, 1, '');
INSERT INTO `timetable` VALUES (97, 3, 6, 2, 1, 1, '');
INSERT INTO `timetable` VALUES (98, 3, 6, 3, 1, 1, NULL);
INSERT INTO `timetable` VALUES (99, 3, 6, 4, 1, 1, NULL);
INSERT INTO `timetable` VALUES (100, 3, 6, 5, 1, 1, '');
INSERT INTO `timetable` VALUES (101, 3, 7, 1, 1, 1, '');
INSERT INTO `timetable` VALUES (102, 3, 7, 2, 1, 1, '');
INSERT INTO `timetable` VALUES (103, 3, 7, 3, 1, 1, '');
INSERT INTO `timetable` VALUES (104, 3, 7, 4, 1, 1, '');
INSERT INTO `timetable` VALUES (105, 3, 7, 5, 1, 1, '');
INSERT INTO `timetable` VALUES (106, 4, 1, 1, 1, 1, NULL);
INSERT INTO `timetable` VALUES (107, 4, 1, 2, 1, 1, NULL);
INSERT INTO `timetable` VALUES (108, 4, 1, 3, 2, 1, '');
INSERT INTO `timetable` VALUES (109, 4, 1, 4, 2, 1, '');
INSERT INTO `timetable` VALUES (110, 4, 1, 5, 1, 1, '');
INSERT INTO `timetable` VALUES (111, 4, 2, 1, 1, 1, '');
INSERT INTO `timetable` VALUES (112, 4, 2, 2, 1, 1, '');
INSERT INTO `timetable` VALUES (113, 4, 2, 3, 1, 1, '');
INSERT INTO `timetable` VALUES (114, 4, 2, 4, 1, 1, '');
INSERT INTO `timetable` VALUES (115, 4, 2, 5, 1, 1, '');
INSERT INTO `timetable` VALUES (116, 4, 3, 1, 1, 1, '');
INSERT INTO `timetable` VALUES (117, 4, 3, 2, 1, 1, NULL);
INSERT INTO `timetable` VALUES (118, 4, 3, 3, 1, 1, '');
INSERT INTO `timetable` VALUES (119, 4, 3, 4, 1, 1, '');
INSERT INTO `timetable` VALUES (120, 4, 3, 5, 1, 1, '');
INSERT INTO `timetable` VALUES (121, 4, 4, 1, 2, 1, '');
INSERT INTO `timetable` VALUES (122, 4, 4, 2, 2, 1, '');
INSERT INTO `timetable` VALUES (123, 4, 4, 3, 1, 1, '');
INSERT INTO `timetable` VALUES (124, 4, 4, 4, 1, 1, '');
INSERT INTO `timetable` VALUES (125, 4, 4, 5, 1, 1, NULL);
INSERT INTO `timetable` VALUES (126, 4, 5, 1, 1, 1, '');
INSERT INTO `timetable` VALUES (127, 4, 5, 2, 1, 1, '');
INSERT INTO `timetable` VALUES (128, 4, 5, 3, 1, 1, '');
INSERT INTO `timetable` VALUES (129, 4, 5, 4, 1, 1, '');
INSERT INTO `timetable` VALUES (130, 4, 5, 5, 1, 1, '');
INSERT INTO `timetable` VALUES (131, 4, 6, 1, 1, 1, '');
INSERT INTO `timetable` VALUES (132, 4, 6, 2, 1, 1, '');
INSERT INTO `timetable` VALUES (133, 4, 6, 3, 1, 1, NULL);
INSERT INTO `timetable` VALUES (134, 4, 6, 4, 1, 1, NULL);
INSERT INTO `timetable` VALUES (135, 4, 6, 5, 1, 1, '');
INSERT INTO `timetable` VALUES (136, 4, 7, 1, 1, 1, '');
INSERT INTO `timetable` VALUES (137, 4, 7, 2, 1, 1, '');
INSERT INTO `timetable` VALUES (138, 4, 7, 3, 1, 1, '');
INSERT INTO `timetable` VALUES (139, 4, 7, 4, 1, 1, '');
INSERT INTO `timetable` VALUES (140, 4, 7, 5, 1, 1, '');
INSERT INTO `timetable` VALUES (141, 5, 1, 1, 1, 1, NULL);
INSERT INTO `timetable` VALUES (142, 5, 1, 2, 1, 1, NULL);
INSERT INTO `timetable` VALUES (143, 5, 1, 3, 1, 1, '');
INSERT INTO `timetable` VALUES (144, 5, 1, 4, 1, 1, '');
INSERT INTO `timetable` VALUES (145, 5, 1, 5, 1, 1, '');
INSERT INTO `timetable` VALUES (146, 5, 2, 1, 1, 1, '');
INSERT INTO `timetable` VALUES (147, 5, 2, 2, 1, 1, '');
INSERT INTO `timetable` VALUES (148, 5, 2, 3, 1, 1, NULL);
INSERT INTO `timetable` VALUES (149, 5, 2, 4, 1, 1, NULL);
INSERT INTO `timetable` VALUES (150, 5, 2, 5, 1, 1, '');
INSERT INTO `timetable` VALUES (151, 5, 3, 1, 1, 1, '');
INSERT INTO `timetable` VALUES (152, 5, 3, 2, 1, 1, NULL);
INSERT INTO `timetable` VALUES (153, 5, 3, 3, 1, 1, '');
INSERT INTO `timetable` VALUES (154, 5, 3, 4, 1, 1, '');
INSERT INTO `timetable` VALUES (155, 5, 3, 5, 1, 1, '');
INSERT INTO `timetable` VALUES (156, 5, 4, 1, 1, 1, '');
INSERT INTO `timetable` VALUES (157, 5, 4, 2, 1, 1, '');
INSERT INTO `timetable` VALUES (158, 5, 4, 3, 1, 1, '');
INSERT INTO `timetable` VALUES (159, 5, 4, 4, 1, 1, '');
INSERT INTO `timetable` VALUES (160, 5, 4, 5, 1, 1, NULL);
INSERT INTO `timetable` VALUES (161, 5, 5, 1, 1, 1, '');
INSERT INTO `timetable` VALUES (162, 5, 5, 2, 1, 1, '');
INSERT INTO `timetable` VALUES (163, 5, 5, 3, 1, 1, '');
INSERT INTO `timetable` VALUES (164, 5, 5, 4, 1, 1, NULL);
INSERT INTO `timetable` VALUES (165, 5, 5, 5, 1, 1, NULL);
INSERT INTO `timetable` VALUES (166, 5, 6, 1, 1, 1, '');
INSERT INTO `timetable` VALUES (167, 5, 6, 2, 1, 1, '');
INSERT INTO `timetable` VALUES (168, 5, 6, 3, 1, 1, NULL);
INSERT INTO `timetable` VALUES (169, 5, 6, 4, 1, 1, NULL);
INSERT INTO `timetable` VALUES (170, 5, 6, 5, 1, 1, '');
INSERT INTO `timetable` VALUES (171, 5, 7, 1, 1, 1, '');
INSERT INTO `timetable` VALUES (172, 5, 7, 2, 1, 1, '');
INSERT INTO `timetable` VALUES (173, 5, 7, 3, 1, 1, '');
INSERT INTO `timetable` VALUES (174, 5, 7, 4, 1, 1, '');
INSERT INTO `timetable` VALUES (175, 5, 7, 5, 1, 1, '');
INSERT INTO `timetable` VALUES (176, 6, 1, 1, 1, 1, NULL);
INSERT INTO `timetable` VALUES (177, 6, 1, 2, 1, 1, NULL);
INSERT INTO `timetable` VALUES (178, 6, 1, 3, 1, 1, '');
INSERT INTO `timetable` VALUES (179, 6, 1, 4, 1, 1, '');
INSERT INTO `timetable` VALUES (180, 6, 1, 5, 1, 1, '');
INSERT INTO `timetable` VALUES (181, 6, 2, 1, 1, 1, '');
INSERT INTO `timetable` VALUES (182, 6, 2, 2, 1, 1, '');
INSERT INTO `timetable` VALUES (183, 6, 2, 3, 1, 1, NULL);
INSERT INTO `timetable` VALUES (184, 6, 2, 4, 1, 1, NULL);
INSERT INTO `timetable` VALUES (185, 6, 2, 5, 1, 1, '');
INSERT INTO `timetable` VALUES (186, 6, 3, 1, 1, 1, '');
INSERT INTO `timetable` VALUES (187, 6, 3, 2, 1, 1, NULL);
INSERT INTO `timetable` VALUES (188, 6, 3, 3, 1, 1, '');
INSERT INTO `timetable` VALUES (189, 6, 3, 4, 1, 1, '');
INSERT INTO `timetable` VALUES (190, 6, 3, 5, 1, 1, '');
INSERT INTO `timetable` VALUES (191, 6, 4, 1, 1, 1, '');
INSERT INTO `timetable` VALUES (192, 6, 4, 2, 1, 1, '');
INSERT INTO `timetable` VALUES (193, 6, 4, 3, 1, 1, '');
INSERT INTO `timetable` VALUES (194, 6, 4, 4, 1, 1, '');
INSERT INTO `timetable` VALUES (195, 6, 4, 5, 1, 1, NULL);
INSERT INTO `timetable` VALUES (196, 6, 5, 1, 1, 1, '');
INSERT INTO `timetable` VALUES (197, 6, 5, 2, 1, 1, '');
INSERT INTO `timetable` VALUES (198, 6, 5, 3, 1, 1, '');
INSERT INTO `timetable` VALUES (199, 6, 5, 4, 1, 1, NULL);
INSERT INTO `timetable` VALUES (200, 6, 5, 5, 1, 1, NULL);
INSERT INTO `timetable` VALUES (201, 6, 6, 1, 1, 1, '');
INSERT INTO `timetable` VALUES (202, 6, 6, 2, 1, 1, '');
INSERT INTO `timetable` VALUES (203, 6, 6, 3, 1, 1, NULL);
INSERT INTO `timetable` VALUES (204, 6, 6, 4, 1, 1, NULL);
INSERT INTO `timetable` VALUES (205, 6, 6, 5, 1, 1, '');
INSERT INTO `timetable` VALUES (206, 6, 7, 1, 1, 1, '');
INSERT INTO `timetable` VALUES (207, 6, 7, 2, 1, 1, '');
INSERT INTO `timetable` VALUES (208, 6, 7, 3, 1, 1, '');
INSERT INTO `timetable` VALUES (209, 6, 7, 4, 1, 1, '');
INSERT INTO `timetable` VALUES (210, 6, 7, 5, 1, 1, '');
INSERT INTO `timetable` VALUES (211, 7, 1, 1, 1, 1, '');
INSERT INTO `timetable` VALUES (212, 7, 1, 2, 1, 1, '');
INSERT INTO `timetable` VALUES (213, 7, 1, 3, 1, 1, '');
INSERT INTO `timetable` VALUES (214, 7, 1, 4, 1, 1, NULL);
INSERT INTO `timetable` VALUES (215, 7, 1, 5, 1, 1, NULL);
INSERT INTO `timetable` VALUES (216, 7, 2, 1, 1, 1, '');
INSERT INTO `timetable` VALUES (217, 7, 2, 2, 1, 1, '');
INSERT INTO `timetable` VALUES (218, 7, 2, 3, 1, 1, NULL);
INSERT INTO `timetable` VALUES (219, 7, 2, 4, 1, 1, NULL);
INSERT INTO `timetable` VALUES (220, 7, 2, 5, 1, 1, '');
INSERT INTO `timetable` VALUES (221, 7, 3, 1, 1, 1, '');
INSERT INTO `timetable` VALUES (222, 7, 3, 2, 1, 1, NULL);
INSERT INTO `timetable` VALUES (223, 7, 3, 3, 1, 1, '');
INSERT INTO `timetable` VALUES (224, 7, 3, 4, 1, 1, '');
INSERT INTO `timetable` VALUES (225, 7, 3, 5, 1, 1, '');
INSERT INTO `timetable` VALUES (226, 7, 4, 1, 1, 1, '');
INSERT INTO `timetable` VALUES (227, 7, 4, 2, 1, 1, '');
INSERT INTO `timetable` VALUES (228, 7, 4, 3, 1, 1, '');
INSERT INTO `timetable` VALUES (229, 7, 4, 4, 1, 1, NULL);
INSERT INTO `timetable` VALUES (230, 7, 4, 5, 1, 1, NULL);
INSERT INTO `timetable` VALUES (231, 7, 5, 1, 1, 1, '');
INSERT INTO `timetable` VALUES (232, 7, 5, 2, 2, 1, '');
INSERT INTO `timetable` VALUES (233, 7, 5, 3, 1, 1, '');
INSERT INTO `timetable` VALUES (234, 7, 5, 4, 1, 1, NULL);
INSERT INTO `timetable` VALUES (235, 7, 5, 5, 1, 1, NULL);
INSERT INTO `timetable` VALUES (236, 7, 6, 1, 1, 1, '');
INSERT INTO `timetable` VALUES (237, 7, 6, 2, 1, 1, '');
INSERT INTO `timetable` VALUES (238, 7, 6, 3, 2, 1, '');
INSERT INTO `timetable` VALUES (239, 7, 6, 4, 1, 1, '');
INSERT INTO `timetable` VALUES (240, 7, 6, 5, 1, 1, '');
INSERT INTO `timetable` VALUES (241, 7, 7, 1, 1, 1, '');
INSERT INTO `timetable` VALUES (242, 7, 7, 2, 1, 1, '');
INSERT INTO `timetable` VALUES (243, 7, 7, 3, 1, 1, '');
INSERT INTO `timetable` VALUES (244, 7, 7, 4, 1, 1, '');
INSERT INTO `timetable` VALUES (245, 7, 7, 5, 1, 1, '');
INSERT INTO `timetable` VALUES (246, 8, 1, 1, 1, 1, '');
INSERT INTO `timetable` VALUES (247, 8, 1, 2, 2, 1, '');
INSERT INTO `timetable` VALUES (248, 8, 1, 3, 1, 1, '');
INSERT INTO `timetable` VALUES (249, 8, 1, 4, 1, 1, NULL);
INSERT INTO `timetable` VALUES (250, 8, 1, 5, 1, 1, NULL);
INSERT INTO `timetable` VALUES (251, 8, 2, 1, 1, 1, '');
INSERT INTO `timetable` VALUES (252, 8, 2, 2, 1, 1, '');
INSERT INTO `timetable` VALUES (253, 8, 2, 3, 1, 1, NULL);
INSERT INTO `timetable` VALUES (254, 8, 2, 4, 1, 1, NULL);
INSERT INTO `timetable` VALUES (255, 8, 2, 5, 1, 1, '');
INSERT INTO `timetable` VALUES (256, 8, 3, 1, 1, 1, '');
INSERT INTO `timetable` VALUES (257, 8, 3, 2, 1, 1, NULL);
INSERT INTO `timetable` VALUES (258, 8, 3, 3, 1, 1, '');
INSERT INTO `timetable` VALUES (259, 8, 3, 4, 1, 1, '');
INSERT INTO `timetable` VALUES (260, 8, 3, 5, 1, 1, NULL);
INSERT INTO `timetable` VALUES (261, 8, 4, 1, 1, 1, '');
INSERT INTO `timetable` VALUES (262, 8, 4, 2, 1, 1, '');
INSERT INTO `timetable` VALUES (263, 8, 4, 3, 1, 1, '');
INSERT INTO `timetable` VALUES (264, 8, 4, 4, 1, 1, NULL);
INSERT INTO `timetable` VALUES (265, 8, 4, 5, 1, 1, NULL);
INSERT INTO `timetable` VALUES (266, 8, 5, 1, 1, 1, NULL);
INSERT INTO `timetable` VALUES (267, 8, 5, 2, 2, 1, '');
INSERT INTO `timetable` VALUES (268, 8, 5, 3, 1, 1, '');
INSERT INTO `timetable` VALUES (269, 8, 5, 4, 1, 1, NULL);
INSERT INTO `timetable` VALUES (270, 8, 5, 5, 1, 1, NULL);
INSERT INTO `timetable` VALUES (271, 8, 6, 1, 1, 1, '');
INSERT INTO `timetable` VALUES (272, 8, 6, 2, 2, 1, '');
INSERT INTO `timetable` VALUES (273, 8, 6, 3, 2, 1, '');
INSERT INTO `timetable` VALUES (274, 8, 6, 4, 1, 1, '');
INSERT INTO `timetable` VALUES (275, 8, 6, 5, 1, 1, '');
INSERT INTO `timetable` VALUES (276, 8, 7, 1, 1, 1, '');
INSERT INTO `timetable` VALUES (277, 8, 7, 2, 1, 1, '');
INSERT INTO `timetable` VALUES (278, 8, 7, 3, 1, 1, '');
INSERT INTO `timetable` VALUES (279, 8, 7, 4, 1, 1, '');
INSERT INTO `timetable` VALUES (280, 8, 7, 5, 1, 1, '');
INSERT INTO `timetable` VALUES (281, 9, 1, 1, 1, 1, '');
INSERT INTO `timetable` VALUES (282, 9, 1, 2, 2, 1, '');
INSERT INTO `timetable` VALUES (283, 9, 1, 3, 1, 1, '');
INSERT INTO `timetable` VALUES (284, 9, 1, 4, 1, 1, NULL);
INSERT INTO `timetable` VALUES (285, 9, 1, 5, 1, 1, NULL);
INSERT INTO `timetable` VALUES (286, 9, 2, 1, 1, 1, '');
INSERT INTO `timetable` VALUES (287, 9, 2, 2, 1, 1, '');
INSERT INTO `timetable` VALUES (288, 9, 2, 3, 1, 1, '');
INSERT INTO `timetable` VALUES (289, 9, 2, 4, 2, 1, '');
INSERT INTO `timetable` VALUES (290, 9, 2, 5, 2, 1, '');
INSERT INTO `timetable` VALUES (291, 9, 3, 1, 1, 1, '');
INSERT INTO `timetable` VALUES (292, 9, 3, 2, 1, 1, NULL);
INSERT INTO `timetable` VALUES (293, 9, 3, 3, 1, 1, '');
INSERT INTO `timetable` VALUES (294, 9, 3, 4, 1, 1, '');
INSERT INTO `timetable` VALUES (295, 9, 3, 5, 2, 1, '数据结构');
INSERT INTO `timetable` VALUES (296, 9, 4, 1, 1, 1, '');
INSERT INTO `timetable` VALUES (297, 9, 4, 2, 2, 1, '');
INSERT INTO `timetable` VALUES (298, 9, 4, 3, 2, 1, '');
INSERT INTO `timetable` VALUES (299, 9, 4, 4, 1, 1, NULL);
INSERT INTO `timetable` VALUES (300, 9, 4, 5, 1, 1, NULL);
INSERT INTO `timetable` VALUES (301, 9, 5, 1, 1, 1, NULL);
INSERT INTO `timetable` VALUES (302, 9, 5, 2, 2, 1, '');
INSERT INTO `timetable` VALUES (303, 9, 5, 3, 1, 1, '');
INSERT INTO `timetable` VALUES (304, 9, 5, 4, 1, 1, '');
INSERT INTO `timetable` VALUES (305, 9, 5, 5, 1, 1, '');
INSERT INTO `timetable` VALUES (306, 9, 6, 1, 2, 1, '数据结构');
INSERT INTO `timetable` VALUES (307, 9, 6, 2, 2, 1, '');
INSERT INTO `timetable` VALUES (308, 9, 6, 3, 2, 1, '');
INSERT INTO `timetable` VALUES (309, 9, 6, 4, 1, 1, '');
INSERT INTO `timetable` VALUES (310, 9, 6, 5, 1, 1, '');
INSERT INTO `timetable` VALUES (311, 9, 7, 1, 1, 1, '');
INSERT INTO `timetable` VALUES (312, 9, 7, 2, 1, 1, '');
INSERT INTO `timetable` VALUES (313, 9, 7, 3, 1, 1, '');
INSERT INTO `timetable` VALUES (314, 9, 7, 4, 1, 1, '');
INSERT INTO `timetable` VALUES (315, 9, 7, 5, 1, 1, '');
INSERT INTO `timetable` VALUES (316, 10, 1, 1, 1, 1, '');
INSERT INTO `timetable` VALUES (317, 10, 1, 2, 2, 1, '');
INSERT INTO `timetable` VALUES (318, 10, 1, 3, 1, 1, '');
INSERT INTO `timetable` VALUES (319, 10, 1, 4, 1, 1, NULL);
INSERT INTO `timetable` VALUES (320, 10, 1, 5, 1, 1, NULL);
INSERT INTO `timetable` VALUES (321, 10, 2, 1, 1, 1, '');
INSERT INTO `timetable` VALUES (322, 10, 2, 2, 1, 1, '');
INSERT INTO `timetable` VALUES (323, 10, 2, 3, 1, 1, '');
INSERT INTO `timetable` VALUES (324, 10, 2, 4, 2, 1, '');
INSERT INTO `timetable` VALUES (325, 10, 2, 5, 2, 1, '');
INSERT INTO `timetable` VALUES (326, 10, 3, 1, 1, 1, '');
INSERT INTO `timetable` VALUES (327, 10, 3, 2, 1, 1, '');
INSERT INTO `timetable` VALUES (328, 10, 3, 3, 1, 1, '');
INSERT INTO `timetable` VALUES (329, 10, 3, 4, 1, 1, '');
INSERT INTO `timetable` VALUES (330, 10, 3, 5, 2, 1, '数据结构');
INSERT INTO `timetable` VALUES (331, 10, 4, 1, 1, 1, '');
INSERT INTO `timetable` VALUES (332, 10, 4, 2, 2, 1, '');
INSERT INTO `timetable` VALUES (333, 10, 4, 3, 2, 1, '');
INSERT INTO `timetable` VALUES (334, 10, 4, 4, 1, 1, NULL);
INSERT INTO `timetable` VALUES (335, 10, 4, 5, 1, 1, NULL);
INSERT INTO `timetable` VALUES (336, 10, 5, 1, 1, 1, NULL);
INSERT INTO `timetable` VALUES (337, 10, 5, 2, 2, 1, '');
INSERT INTO `timetable` VALUES (338, 10, 5, 3, 1, 1, '');
INSERT INTO `timetable` VALUES (339, 10, 5, 4, 1, 1, '');
INSERT INTO `timetable` VALUES (340, 10, 5, 5, 1, 1, '');
INSERT INTO `timetable` VALUES (341, 10, 6, 1, 2, 1, '数据结构');
INSERT INTO `timetable` VALUES (342, 10, 6, 2, 2, 1, '');
INSERT INTO `timetable` VALUES (343, 10, 6, 3, 2, 1, '');
INSERT INTO `timetable` VALUES (344, 10, 6, 4, 1, 1, '');
INSERT INTO `timetable` VALUES (345, 10, 6, 5, 1, 1, '');
INSERT INTO `timetable` VALUES (346, 10, 7, 1, 1, 1, '');
INSERT INTO `timetable` VALUES (347, 10, 7, 2, 1, 1, '');
INSERT INTO `timetable` VALUES (348, 10, 7, 3, 1, 1, '');
INSERT INTO `timetable` VALUES (349, 10, 7, 4, 1, 1, '');
INSERT INTO `timetable` VALUES (350, 10, 7, 5, 1, 1, '');
INSERT INTO `timetable` VALUES (351, 11, 1, 1, 1, 1, '');
INSERT INTO `timetable` VALUES (352, 11, 1, 2, 2, 1, '');
INSERT INTO `timetable` VALUES (353, 11, 1, 3, 1, 1, '');
INSERT INTO `timetable` VALUES (354, 11, 1, 4, 1, 1, '');
INSERT INTO `timetable` VALUES (355, 11, 1, 5, 1, 1, '');
INSERT INTO `timetable` VALUES (356, 11, 2, 1, 1, 1, '');
INSERT INTO `timetable` VALUES (357, 11, 2, 2, 1, 1, '');
INSERT INTO `timetable` VALUES (358, 11, 2, 3, 1, 1, '');
INSERT INTO `timetable` VALUES (359, 11, 2, 4, 2, 1, '');
INSERT INTO `timetable` VALUES (360, 11, 2, 5, 2, 1, '');
INSERT INTO `timetable` VALUES (361, 11, 3, 1, 1, 1, '');
INSERT INTO `timetable` VALUES (362, 11, 3, 2, 1, 1, '');
INSERT INTO `timetable` VALUES (363, 11, 3, 3, 1, 1, '');
INSERT INTO `timetable` VALUES (364, 11, 3, 4, 1, 1, '');
INSERT INTO `timetable` VALUES (365, 11, 3, 5, 2, 1, '数据结构');
INSERT INTO `timetable` VALUES (366, 11, 4, 1, 1, 1, '');
INSERT INTO `timetable` VALUES (367, 11, 4, 2, 2, 1, '');
INSERT INTO `timetable` VALUES (368, 11, 4, 3, 2, 1, '');
INSERT INTO `timetable` VALUES (369, 11, 4, 4, 1, 1, NULL);
INSERT INTO `timetable` VALUES (370, 11, 4, 5, 1, 1, '');
INSERT INTO `timetable` VALUES (371, 11, 5, 1, 1, 1, NULL);
INSERT INTO `timetable` VALUES (372, 11, 5, 2, 2, 1, '');
INSERT INTO `timetable` VALUES (373, 11, 5, 3, 1, 1, '');
INSERT INTO `timetable` VALUES (374, 11, 5, 4, 1, 1, '');
INSERT INTO `timetable` VALUES (375, 11, 5, 5, 1, 1, '');
INSERT INTO `timetable` VALUES (376, 11, 6, 1, 2, 1, '数据结构');
INSERT INTO `timetable` VALUES (377, 11, 6, 2, 2, 1, '');
INSERT INTO `timetable` VALUES (378, 11, 6, 3, 2, 1, '');
INSERT INTO `timetable` VALUES (379, 11, 6, 4, 1, 1, '');
INSERT INTO `timetable` VALUES (380, 11, 6, 5, 1, 1, '');
INSERT INTO `timetable` VALUES (381, 11, 7, 1, 1, 1, '');
INSERT INTO `timetable` VALUES (382, 11, 7, 2, 1, 1, '');
INSERT INTO `timetable` VALUES (383, 11, 7, 3, 1, 1, '');
INSERT INTO `timetable` VALUES (384, 11, 7, 4, 1, 1, '');
INSERT INTO `timetable` VALUES (385, 11, 7, 5, 1, 1, '');
INSERT INTO `timetable` VALUES (386, 12, 1, 1, 1, 1, '');
INSERT INTO `timetable` VALUES (387, 12, 1, 2, 2, 1, '');
INSERT INTO `timetable` VALUES (388, 12, 1, 3, 1, 1, '');
INSERT INTO `timetable` VALUES (389, 12, 1, 4, 1, 1, '');
INSERT INTO `timetable` VALUES (390, 12, 1, 5, 1, 1, '');
INSERT INTO `timetable` VALUES (391, 12, 2, 1, 1, 1, '');
INSERT INTO `timetable` VALUES (392, 12, 2, 2, 1, 1, '');
INSERT INTO `timetable` VALUES (393, 12, 2, 3, 1, 1, '');
INSERT INTO `timetable` VALUES (394, 12, 2, 4, 2, 1, '');
INSERT INTO `timetable` VALUES (395, 12, 2, 5, 2, 1, '');
INSERT INTO `timetable` VALUES (396, 12, 3, 1, 2, 1, '');
INSERT INTO `timetable` VALUES (397, 12, 3, 2, 2, 1, '');
INSERT INTO `timetable` VALUES (398, 12, 3, 3, 1, 1, '');
INSERT INTO `timetable` VALUES (399, 12, 3, 4, 1, 1, '');
INSERT INTO `timetable` VALUES (400, 12, 3, 5, 2, 1, '数据结构');
INSERT INTO `timetable` VALUES (401, 12, 4, 1, 1, 1, '');
INSERT INTO `timetable` VALUES (402, 12, 4, 2, 2, 1, '');
INSERT INTO `timetable` VALUES (403, 12, 4, 3, 2, 1, '');
INSERT INTO `timetable` VALUES (404, 12, 4, 4, 1, 1, NULL);
INSERT INTO `timetable` VALUES (405, 12, 4, 5, 1, 1, '');
INSERT INTO `timetable` VALUES (406, 12, 5, 1, 1, 1, NULL);
INSERT INTO `timetable` VALUES (407, 12, 5, 2, 2, 1, '');
INSERT INTO `timetable` VALUES (408, 12, 5, 3, 2, 1, '');
INSERT INTO `timetable` VALUES (409, 12, 5, 4, 2, 1, '');
INSERT INTO `timetable` VALUES (410, 12, 5, 5, 1, 1, '');
INSERT INTO `timetable` VALUES (411, 12, 6, 1, 2, 1, '数据结构');
INSERT INTO `timetable` VALUES (412, 12, 6, 2, 2, 1, '');
INSERT INTO `timetable` VALUES (413, 12, 6, 3, 2, 1, '');
INSERT INTO `timetable` VALUES (414, 12, 6, 4, 1, 1, '');
INSERT INTO `timetable` VALUES (415, 12, 6, 5, 1, 1, '');
INSERT INTO `timetable` VALUES (416, 12, 7, 1, 1, 1, '');
INSERT INTO `timetable` VALUES (417, 12, 7, 2, 1, 1, '');
INSERT INTO `timetable` VALUES (418, 12, 7, 3, 1, 1, '');
INSERT INTO `timetable` VALUES (419, 12, 7, 4, 1, 1, '');
INSERT INTO `timetable` VALUES (420, 12, 7, 5, 1, 1, '');
INSERT INTO `timetable` VALUES (421, 13, 1, 1, 1, 1, '');
INSERT INTO `timetable` VALUES (422, 13, 1, 2, 2, 1, '');
INSERT INTO `timetable` VALUES (423, 13, 1, 3, 1, 1, '');
INSERT INTO `timetable` VALUES (424, 13, 1, 4, 1, 1, '');
INSERT INTO `timetable` VALUES (425, 13, 1, 5, 1, 1, '');
INSERT INTO `timetable` VALUES (426, 13, 2, 1, 1, 1, '');
INSERT INTO `timetable` VALUES (427, 13, 2, 2, 1, 1, '');
INSERT INTO `timetable` VALUES (428, 13, 2, 3, 1, 1, '');
INSERT INTO `timetable` VALUES (429, 13, 2, 4, 1, 1, '');
INSERT INTO `timetable` VALUES (430, 13, 2, 5, 1, 1, '');
INSERT INTO `timetable` VALUES (431, 13, 3, 1, 2, 1, '');
INSERT INTO `timetable` VALUES (432, 13, 3, 2, 2, 1, '');
INSERT INTO `timetable` VALUES (433, 13, 3, 3, 1, 1, '');
INSERT INTO `timetable` VALUES (434, 13, 3, 4, 1, 1, '');
INSERT INTO `timetable` VALUES (435, 13, 3, 5, 2, 1, '数据结构');
INSERT INTO `timetable` VALUES (436, 13, 4, 1, 1, 1, '');
INSERT INTO `timetable` VALUES (437, 13, 4, 2, 1, 1, '');
INSERT INTO `timetable` VALUES (438, 13, 4, 3, 1, 1, '');
INSERT INTO `timetable` VALUES (439, 13, 4, 4, 1, 1, NULL);
INSERT INTO `timetable` VALUES (440, 13, 4, 5, 1, 1, '');
INSERT INTO `timetable` VALUES (441, 13, 5, 1, 1, 1, NULL);
INSERT INTO `timetable` VALUES (442, 13, 5, 2, 2, 1, '');
INSERT INTO `timetable` VALUES (443, 13, 5, 3, 2, 1, '');
INSERT INTO `timetable` VALUES (444, 13, 5, 4, 2, 1, '');
INSERT INTO `timetable` VALUES (445, 13, 5, 5, 1, 1, '');
INSERT INTO `timetable` VALUES (446, 13, 6, 1, 2, 1, '数据结构');
INSERT INTO `timetable` VALUES (447, 13, 6, 2, 2, 1, '');
INSERT INTO `timetable` VALUES (448, 13, 6, 3, 2, 1, '');
INSERT INTO `timetable` VALUES (449, 13, 6, 4, 1, 1, '');
INSERT INTO `timetable` VALUES (450, 13, 6, 5, 1, 1, '');
INSERT INTO `timetable` VALUES (451, 13, 7, 1, 1, 1, '');
INSERT INTO `timetable` VALUES (452, 13, 7, 2, 1, 1, '');
INSERT INTO `timetable` VALUES (453, 13, 7, 3, 1, 1, '');
INSERT INTO `timetable` VALUES (454, 13, 7, 4, 1, 1, '');
INSERT INTO `timetable` VALUES (455, 13, 7, 5, 1, 1, '');
INSERT INTO `timetable` VALUES (456, 14, 1, 1, 1, 1, '');
INSERT INTO `timetable` VALUES (457, 14, 1, 2, 2, 1, '');
INSERT INTO `timetable` VALUES (458, 14, 1, 3, 1, 1, '');
INSERT INTO `timetable` VALUES (459, 14, 1, 4, 1, 1, '');
INSERT INTO `timetable` VALUES (460, 14, 1, 5, 1, 1, '');
INSERT INTO `timetable` VALUES (461, 14, 2, 1, 1, 1, '');
INSERT INTO `timetable` VALUES (462, 14, 2, 2, 1, 1, '');
INSERT INTO `timetable` VALUES (463, 14, 2, 3, 1, 1, '');
INSERT INTO `timetable` VALUES (464, 14, 2, 4, 1, 1, '');
INSERT INTO `timetable` VALUES (465, 14, 2, 5, 1, 1, '');
INSERT INTO `timetable` VALUES (466, 14, 3, 1, 2, 1, '');
INSERT INTO `timetable` VALUES (467, 14, 3, 2, 2, 1, '');
INSERT INTO `timetable` VALUES (468, 14, 3, 3, 1, 1, '');
INSERT INTO `timetable` VALUES (469, 14, 3, 4, 1, 1, '');
INSERT INTO `timetable` VALUES (470, 14, 3, 5, 2, 1, '数据结构');
INSERT INTO `timetable` VALUES (471, 14, 4, 1, 1, 1, '');
INSERT INTO `timetable` VALUES (472, 14, 4, 2, 1, 1, '');
INSERT INTO `timetable` VALUES (473, 14, 4, 3, 1, 1, '');
INSERT INTO `timetable` VALUES (474, 14, 4, 4, 1, 1, NULL);
INSERT INTO `timetable` VALUES (475, 14, 4, 5, 1, 1, '');
INSERT INTO `timetable` VALUES (476, 14, 5, 1, 1, 1, NULL);
INSERT INTO `timetable` VALUES (477, 14, 5, 2, 2, 1, '');
INSERT INTO `timetable` VALUES (478, 14, 5, 3, 2, 1, '');
INSERT INTO `timetable` VALUES (479, 14, 5, 4, 2, 1, '');
INSERT INTO `timetable` VALUES (480, 14, 5, 5, 1, 1, '');
INSERT INTO `timetable` VALUES (481, 14, 6, 1, 2, 1, '数据结构');
INSERT INTO `timetable` VALUES (482, 14, 6, 2, 2, 1, '');
INSERT INTO `timetable` VALUES (483, 14, 6, 3, 2, 1, '');
INSERT INTO `timetable` VALUES (484, 14, 6, 4, 1, 1, '');
INSERT INTO `timetable` VALUES (485, 14, 6, 5, 1, 1, '');
INSERT INTO `timetable` VALUES (486, 14, 7, 1, 1, 1, '');
INSERT INTO `timetable` VALUES (487, 14, 7, 2, 1, 1, '');
INSERT INTO `timetable` VALUES (488, 14, 7, 3, 1, 1, '');
INSERT INTO `timetable` VALUES (489, 14, 7, 4, 1, 1, '');
INSERT INTO `timetable` VALUES (490, 14, 7, 5, 1, 1, '');
INSERT INTO `timetable` VALUES (491, 15, 1, 1, 1, 1, '');
INSERT INTO `timetable` VALUES (492, 15, 1, 2, 2, 1, '');
INSERT INTO `timetable` VALUES (493, 15, 1, 3, 1, 1, '');
INSERT INTO `timetable` VALUES (494, 15, 1, 4, 1, 1, '');
INSERT INTO `timetable` VALUES (495, 15, 1, 5, 1, 1, '');
INSERT INTO `timetable` VALUES (496, 15, 2, 1, 1, 1, '');
INSERT INTO `timetable` VALUES (497, 15, 2, 2, 1, 1, '');
INSERT INTO `timetable` VALUES (498, 15, 2, 3, 1, 1, '');
INSERT INTO `timetable` VALUES (499, 15, 2, 4, 1, 1, '');
INSERT INTO `timetable` VALUES (500, 15, 2, 5, 1, 1, '');
INSERT INTO `timetable` VALUES (501, 15, 3, 1, 2, 1, '');
INSERT INTO `timetable` VALUES (502, 15, 3, 2, 2, 1, '');
INSERT INTO `timetable` VALUES (503, 15, 3, 3, 1, 1, '');
INSERT INTO `timetable` VALUES (504, 15, 3, 4, 1, 1, '');
INSERT INTO `timetable` VALUES (505, 15, 3, 5, 2, 1, '数据结构');
INSERT INTO `timetable` VALUES (506, 15, 4, 1, 1, 1, '');
INSERT INTO `timetable` VALUES (507, 15, 4, 2, 1, 1, '');
INSERT INTO `timetable` VALUES (508, 15, 4, 3, 1, 1, '');
INSERT INTO `timetable` VALUES (509, 15, 4, 4, 1, 1, NULL);
INSERT INTO `timetable` VALUES (510, 15, 4, 5, 1, 1, '');
INSERT INTO `timetable` VALUES (511, 15, 5, 1, 1, 1, NULL);
INSERT INTO `timetable` VALUES (512, 15, 5, 2, 1, 1, '');
INSERT INTO `timetable` VALUES (513, 15, 5, 3, 2, 1, '');
INSERT INTO `timetable` VALUES (514, 15, 5, 4, 2, 1, '');
INSERT INTO `timetable` VALUES (515, 15, 5, 5, 1, 1, '');
INSERT INTO `timetable` VALUES (516, 15, 6, 1, 2, 1, '数据结构');
INSERT INTO `timetable` VALUES (517, 15, 6, 2, 2, 1, '');
INSERT INTO `timetable` VALUES (518, 15, 6, 3, 1, 1, '');
INSERT INTO `timetable` VALUES (519, 15, 6, 4, 1, 1, '');
INSERT INTO `timetable` VALUES (520, 15, 6, 5, 1, 1, '');
INSERT INTO `timetable` VALUES (521, 15, 7, 1, 1, 1, '');
INSERT INTO `timetable` VALUES (522, 15, 7, 2, 1, 1, '');
INSERT INTO `timetable` VALUES (523, 15, 7, 3, 1, 1, '');
INSERT INTO `timetable` VALUES (524, 15, 7, 4, 1, 1, '');
INSERT INTO `timetable` VALUES (525, 15, 7, 5, 1, 1, '');
INSERT INTO `timetable` VALUES (526, 16, 1, 1, 1, 1, '');
INSERT INTO `timetable` VALUES (527, 16, 1, 2, 1, 1, '');
INSERT INTO `timetable` VALUES (528, 16, 1, 3, 1, 1, '');
INSERT INTO `timetable` VALUES (529, 16, 1, 4, 1, 1, '');
INSERT INTO `timetable` VALUES (530, 16, 1, 5, 1, 1, '');
INSERT INTO `timetable` VALUES (531, 16, 2, 1, 1, 1, '');
INSERT INTO `timetable` VALUES (532, 16, 2, 2, 1, 1, '');
INSERT INTO `timetable` VALUES (533, 16, 2, 3, 1, 1, '');
INSERT INTO `timetable` VALUES (534, 16, 2, 4, 1, 1, '');
INSERT INTO `timetable` VALUES (535, 16, 2, 5, 1, 1, '');
INSERT INTO `timetable` VALUES (536, 16, 3, 1, 1, 1, '');
INSERT INTO `timetable` VALUES (537, 16, 3, 2, 1, 1, '');
INSERT INTO `timetable` VALUES (538, 16, 3, 3, 1, 1, '');
INSERT INTO `timetable` VALUES (539, 16, 3, 4, 1, 1, '');
INSERT INTO `timetable` VALUES (540, 16, 3, 5, 2, 1, '数据结构');
INSERT INTO `timetable` VALUES (541, 16, 4, 1, 1, 1, '');
INSERT INTO `timetable` VALUES (542, 16, 4, 2, 1, 1, '');
INSERT INTO `timetable` VALUES (543, 16, 4, 3, 1, 1, '');
INSERT INTO `timetable` VALUES (544, 16, 4, 4, 1, 1, NULL);
INSERT INTO `timetable` VALUES (545, 16, 4, 5, 1, 1, '');
INSERT INTO `timetable` VALUES (546, 16, 5, 1, 1, 1, NULL);
INSERT INTO `timetable` VALUES (547, 16, 5, 2, 1, 1, '');
INSERT INTO `timetable` VALUES (548, 16, 5, 3, 1, 1, '');
INSERT INTO `timetable` VALUES (549, 16, 5, 4, 1, 1, '');
INSERT INTO `timetable` VALUES (550, 16, 5, 5, 1, 1, '');
INSERT INTO `timetable` VALUES (551, 16, 6, 1, 2, 1, '数据结构');
INSERT INTO `timetable` VALUES (552, 16, 6, 2, 1, 1, '');
INSERT INTO `timetable` VALUES (553, 16, 6, 3, 1, 1, '');
INSERT INTO `timetable` VALUES (554, 16, 6, 4, 1, 1, '');
INSERT INTO `timetable` VALUES (555, 16, 6, 5, 1, 1, '');
INSERT INTO `timetable` VALUES (556, 16, 7, 1, 1, 1, '');
INSERT INTO `timetable` VALUES (557, 16, 7, 2, 1, 1, '');
INSERT INTO `timetable` VALUES (558, 16, 7, 3, 1, 1, '');
INSERT INTO `timetable` VALUES (559, 16, 7, 4, 1, 1, '');
INSERT INTO `timetable` VALUES (560, 16, 7, 5, 1, 1, '');
INSERT INTO `timetable` VALUES (561, 17, 1, 1, 1, 1, '');
INSERT INTO `timetable` VALUES (562, 17, 1, 2, 1, 1, '');
INSERT INTO `timetable` VALUES (563, 17, 1, 3, 1, 1, '');
INSERT INTO `timetable` VALUES (564, 17, 1, 4, 1, 1, '');
INSERT INTO `timetable` VALUES (565, 17, 1, 5, 1, 1, '');
INSERT INTO `timetable` VALUES (566, 17, 2, 1, 1, 1, '');
INSERT INTO `timetable` VALUES (567, 17, 2, 2, 1, 1, '');
INSERT INTO `timetable` VALUES (568, 17, 2, 3, 1, 1, '');
INSERT INTO `timetable` VALUES (569, 17, 2, 4, 1, 1, '');
INSERT INTO `timetable` VALUES (570, 17, 2, 5, 1, 1, '');
INSERT INTO `timetable` VALUES (571, 17, 3, 1, 1, 1, '');
INSERT INTO `timetable` VALUES (572, 17, 3, 2, 1, 1, '');
INSERT INTO `timetable` VALUES (573, 17, 3, 3, 1, 1, '');
INSERT INTO `timetable` VALUES (574, 17, 3, 4, 1, 1, '');
INSERT INTO `timetable` VALUES (575, 17, 3, 5, 1, 1, '');
INSERT INTO `timetable` VALUES (576, 17, 4, 1, 1, 1, '');
INSERT INTO `timetable` VALUES (577, 17, 4, 2, 1, 1, '');
INSERT INTO `timetable` VALUES (578, 17, 4, 3, 1, 1, '');
INSERT INTO `timetable` VALUES (579, 17, 4, 4, 1, 1, '');
INSERT INTO `timetable` VALUES (580, 17, 4, 5, 1, 1, '');
INSERT INTO `timetable` VALUES (581, 17, 5, 1, 1, 1, '');
INSERT INTO `timetable` VALUES (582, 17, 5, 2, 1, 1, '');
INSERT INTO `timetable` VALUES (583, 17, 5, 3, 1, 1, '');
INSERT INTO `timetable` VALUES (584, 17, 5, 4, 1, 1, '');
INSERT INTO `timetable` VALUES (585, 17, 5, 5, 1, 1, '');
INSERT INTO `timetable` VALUES (586, 17, 6, 1, 1, 1, '');
INSERT INTO `timetable` VALUES (587, 17, 6, 2, 1, 1, '');
INSERT INTO `timetable` VALUES (588, 17, 6, 3, 1, 1, '');
INSERT INTO `timetable` VALUES (589, 17, 6, 4, 1, 1, '');
INSERT INTO `timetable` VALUES (590, 17, 6, 5, 1, 1, '');
INSERT INTO `timetable` VALUES (591, 17, 7, 1, 1, 1, '');
INSERT INTO `timetable` VALUES (592, 17, 7, 2, 1, 1, '');
INSERT INTO `timetable` VALUES (593, 17, 7, 3, 1, 1, '');
INSERT INTO `timetable` VALUES (594, 17, 7, 4, 1, 1, '');
INSERT INTO `timetable` VALUES (595, 17, 7, 5, 1, 1, '');
INSERT INTO `timetable` VALUES (596, 18, 1, 1, 1, 1, '');
INSERT INTO `timetable` VALUES (597, 18, 1, 2, 1, 1, '');
INSERT INTO `timetable` VALUES (598, 18, 1, 3, 1, 1, '');
INSERT INTO `timetable` VALUES (599, 18, 1, 4, 1, 1, '');
INSERT INTO `timetable` VALUES (600, 18, 1, 5, 1, 1, '');
INSERT INTO `timetable` VALUES (601, 18, 2, 1, 1, 1, '');
INSERT INTO `timetable` VALUES (602, 18, 2, 2, 1, 1, '');
INSERT INTO `timetable` VALUES (603, 18, 2, 3, 1, 1, '');
INSERT INTO `timetable` VALUES (604, 18, 2, 4, 1, 1, '');
INSERT INTO `timetable` VALUES (605, 18, 2, 5, 1, 1, '');
INSERT INTO `timetable` VALUES (606, 18, 3, 1, 1, 1, '');
INSERT INTO `timetable` VALUES (607, 18, 3, 2, 1, 1, '');
INSERT INTO `timetable` VALUES (608, 18, 3, 3, 1, 1, '');
INSERT INTO `timetable` VALUES (609, 18, 3, 4, 1, 1, '');
INSERT INTO `timetable` VALUES (610, 18, 3, 5, 1, 1, '');
INSERT INTO `timetable` VALUES (611, 18, 4, 1, 1, 1, '');
INSERT INTO `timetable` VALUES (612, 18, 4, 2, 1, 1, '');
INSERT INTO `timetable` VALUES (613, 18, 4, 3, 1, 1, '');
INSERT INTO `timetable` VALUES (614, 18, 4, 4, 1, 1, '');
INSERT INTO `timetable` VALUES (615, 18, 4, 5, 1, 1, '');
INSERT INTO `timetable` VALUES (616, 18, 5, 1, 1, 1, '');
INSERT INTO `timetable` VALUES (617, 18, 5, 2, 1, 1, '');
INSERT INTO `timetable` VALUES (618, 18, 5, 3, 1, 1, '');
INSERT INTO `timetable` VALUES (619, 18, 5, 4, 1, 1, '');
INSERT INTO `timetable` VALUES (620, 18, 5, 5, 1, 1, '');
INSERT INTO `timetable` VALUES (621, 18, 6, 1, 1, 1, '');
INSERT INTO `timetable` VALUES (622, 18, 6, 2, 1, 1, '');
INSERT INTO `timetable` VALUES (623, 18, 6, 3, 1, 1, '');
INSERT INTO `timetable` VALUES (624, 18, 6, 4, 1, 1, '');
INSERT INTO `timetable` VALUES (625, 18, 6, 5, 1, 1, '');
INSERT INTO `timetable` VALUES (626, 18, 7, 1, 1, 1, '');
INSERT INTO `timetable` VALUES (627, 18, 7, 2, 1, 1, '');
INSERT INTO `timetable` VALUES (628, 18, 7, 3, 1, 1, '');
INSERT INTO `timetable` VALUES (629, 18, 7, 4, 1, 1, '');
INSERT INTO `timetable` VALUES (630, 18, 7, 5, 1, 1, '');
INSERT INTO `timetable` VALUES (631, 1, 1, 1, 1, 6, '');
INSERT INTO `timetable` VALUES (632, 1, 1, 2, 1, 6, '');
INSERT INTO `timetable` VALUES (633, 1, 1, 3, 2, 6, '');
INSERT INTO `timetable` VALUES (634, 1, 1, 4, 2, 6, '');
INSERT INTO `timetable` VALUES (635, 1, 1, 5, 1, 6, '');
INSERT INTO `timetable` VALUES (636, 1, 2, 1, 1, 6, '');
INSERT INTO `timetable` VALUES (637, 1, 2, 2, 1, 6, '');
INSERT INTO `timetable` VALUES (638, 1, 2, 3, 1, 6, '');
INSERT INTO `timetable` VALUES (639, 1, 2, 4, 1, 6, '');
INSERT INTO `timetable` VALUES (640, 1, 2, 5, 1, 6, '');
INSERT INTO `timetable` VALUES (641, 1, 3, 1, 1, 6, '');
INSERT INTO `timetable` VALUES (642, 1, 3, 2, 1, 6, '');
INSERT INTO `timetable` VALUES (643, 1, 3, 3, 1, 6, '');
INSERT INTO `timetable` VALUES (644, 1, 3, 4, 1, 6, '');
INSERT INTO `timetable` VALUES (645, 1, 3, 5, 1, 6, '');
INSERT INTO `timetable` VALUES (646, 1, 4, 1, 2, 6, '');
INSERT INTO `timetable` VALUES (647, 1, 4, 2, 2, 6, '');
INSERT INTO `timetable` VALUES (648, 1, 4, 3, 1, 6, '');
INSERT INTO `timetable` VALUES (649, 1, 4, 4, 1, 6, '');
INSERT INTO `timetable` VALUES (650, 1, 4, 5, 1, 6, '');
INSERT INTO `timetable` VALUES (651, 1, 5, 1, 1, 6, '');
INSERT INTO `timetable` VALUES (652, 1, 5, 2, 1, 6, '');
INSERT INTO `timetable` VALUES (653, 1, 5, 3, 1, 6, '');
INSERT INTO `timetable` VALUES (654, 1, 5, 4, 1, 6, '');
INSERT INTO `timetable` VALUES (655, 1, 5, 5, 1, 6, '');
INSERT INTO `timetable` VALUES (656, 1, 6, 1, 1, 6, '');
INSERT INTO `timetable` VALUES (657, 1, 6, 2, 1, 6, '');
INSERT INTO `timetable` VALUES (658, 1, 6, 3, 1, 6, '');
INSERT INTO `timetable` VALUES (659, 1, 6, 4, 1, 6, '');
INSERT INTO `timetable` VALUES (660, 1, 6, 5, 1, 6, '');
INSERT INTO `timetable` VALUES (661, 1, 7, 1, 1, 6, '');
INSERT INTO `timetable` VALUES (662, 1, 7, 2, 1, 6, '');
INSERT INTO `timetable` VALUES (663, 1, 7, 3, 1, 6, '');
INSERT INTO `timetable` VALUES (664, 1, 7, 4, 1, 6, '');
INSERT INTO `timetable` VALUES (665, 1, 7, 5, 1, 6, '');
INSERT INTO `timetable` VALUES (666, 2, 1, 1, 1, 6, '');
INSERT INTO `timetable` VALUES (667, 2, 1, 2, 1, 6, '');
INSERT INTO `timetable` VALUES (668, 2, 1, 3, 2, 6, '');
INSERT INTO `timetable` VALUES (669, 2, 1, 4, 2, 6, '');
INSERT INTO `timetable` VALUES (670, 2, 1, 5, 1, 6, '');
INSERT INTO `timetable` VALUES (671, 2, 2, 1, 1, 6, '');
INSERT INTO `timetable` VALUES (672, 2, 2, 2, 1, 6, '');
INSERT INTO `timetable` VALUES (673, 2, 2, 3, 1, 6, '');
INSERT INTO `timetable` VALUES (674, 2, 2, 4, 1, 6, '');
INSERT INTO `timetable` VALUES (675, 2, 2, 5, 1, 6, '');
INSERT INTO `timetable` VALUES (676, 2, 3, 1, 1, 6, '');
INSERT INTO `timetable` VALUES (677, 2, 3, 2, 1, 6, '');
INSERT INTO `timetable` VALUES (678, 2, 3, 3, 1, 6, '');
INSERT INTO `timetable` VALUES (679, 2, 3, 4, 1, 6, '');
INSERT INTO `timetable` VALUES (680, 2, 3, 5, 1, 6, '');
INSERT INTO `timetable` VALUES (681, 2, 4, 1, 2, 6, '');
INSERT INTO `timetable` VALUES (682, 2, 4, 2, 2, 6, '');
INSERT INTO `timetable` VALUES (683, 2, 4, 3, 1, 6, '');
INSERT INTO `timetable` VALUES (684, 2, 4, 4, 1, 6, '');
INSERT INTO `timetable` VALUES (685, 2, 4, 5, 1, 6, '');
INSERT INTO `timetable` VALUES (686, 2, 5, 1, 1, 6, '');
INSERT INTO `timetable` VALUES (687, 2, 5, 2, 1, 6, '');
INSERT INTO `timetable` VALUES (688, 2, 5, 3, 1, 6, '');
INSERT INTO `timetable` VALUES (689, 2, 5, 4, 1, 6, '');
INSERT INTO `timetable` VALUES (690, 2, 5, 5, 1, 6, '');
INSERT INTO `timetable` VALUES (691, 2, 6, 1, 1, 6, '');
INSERT INTO `timetable` VALUES (692, 2, 6, 2, 1, 6, '');
INSERT INTO `timetable` VALUES (693, 2, 6, 3, 1, 6, '');
INSERT INTO `timetable` VALUES (694, 2, 6, 4, 1, 6, '');
INSERT INTO `timetable` VALUES (695, 2, 6, 5, 1, 6, '');
INSERT INTO `timetable` VALUES (696, 2, 7, 1, 1, 6, '');
INSERT INTO `timetable` VALUES (697, 2, 7, 2, 1, 6, '');
INSERT INTO `timetable` VALUES (698, 2, 7, 3, 1, 6, '');
INSERT INTO `timetable` VALUES (699, 2, 7, 4, 1, 6, '');
INSERT INTO `timetable` VALUES (700, 2, 7, 5, 1, 6, '');
INSERT INTO `timetable` VALUES (701, 3, 1, 1, 1, 6, '');
INSERT INTO `timetable` VALUES (702, 3, 1, 2, 1, 6, '');
INSERT INTO `timetable` VALUES (703, 3, 1, 3, 2, 6, '');
INSERT INTO `timetable` VALUES (704, 3, 1, 4, 2, 6, '');
INSERT INTO `timetable` VALUES (705, 3, 1, 5, 1, 6, '');
INSERT INTO `timetable` VALUES (706, 3, 2, 1, 1, 6, '');
INSERT INTO `timetable` VALUES (707, 3, 2, 2, 1, 6, '');
INSERT INTO `timetable` VALUES (708, 3, 2, 3, 1, 6, '');
INSERT INTO `timetable` VALUES (709, 3, 2, 4, 1, 6, '');
INSERT INTO `timetable` VALUES (710, 3, 2, 5, 1, 6, '');
INSERT INTO `timetable` VALUES (711, 3, 3, 1, 1, 6, '');
INSERT INTO `timetable` VALUES (712, 3, 3, 2, 1, 6, '');
INSERT INTO `timetable` VALUES (713, 3, 3, 3, 1, 6, '');
INSERT INTO `timetable` VALUES (714, 3, 3, 4, 1, 6, '');
INSERT INTO `timetable` VALUES (715, 3, 3, 5, 1, 6, '');
INSERT INTO `timetable` VALUES (716, 3, 4, 1, 2, 6, '');
INSERT INTO `timetable` VALUES (717, 3, 4, 2, 2, 6, '');
INSERT INTO `timetable` VALUES (718, 3, 4, 3, 1, 6, '');
INSERT INTO `timetable` VALUES (719, 3, 4, 4, 1, 6, '');
INSERT INTO `timetable` VALUES (720, 3, 4, 5, 1, 6, '');
INSERT INTO `timetable` VALUES (721, 3, 5, 1, 1, 6, '');
INSERT INTO `timetable` VALUES (722, 3, 5, 2, 1, 6, '');
INSERT INTO `timetable` VALUES (723, 3, 5, 3, 1, 6, '');
INSERT INTO `timetable` VALUES (724, 3, 5, 4, 1, 6, '');
INSERT INTO `timetable` VALUES (725, 3, 5, 5, 1, 6, '');
INSERT INTO `timetable` VALUES (726, 3, 6, 1, 1, 6, '');
INSERT INTO `timetable` VALUES (727, 3, 6, 2, 1, 6, '');
INSERT INTO `timetable` VALUES (728, 3, 6, 3, 1, 6, '');
INSERT INTO `timetable` VALUES (729, 3, 6, 4, 1, 6, '');
INSERT INTO `timetable` VALUES (730, 3, 6, 5, 1, 6, '');
INSERT INTO `timetable` VALUES (731, 3, 7, 1, 1, 6, '');
INSERT INTO `timetable` VALUES (732, 3, 7, 2, 1, 6, '');
INSERT INTO `timetable` VALUES (733, 3, 7, 3, 1, 6, '');
INSERT INTO `timetable` VALUES (734, 3, 7, 4, 1, 6, '');
INSERT INTO `timetable` VALUES (735, 3, 7, 5, 1, 6, '');
INSERT INTO `timetable` VALUES (736, 4, 1, 1, 1, 6, '');
INSERT INTO `timetable` VALUES (737, 4, 1, 2, 1, 6, '');
INSERT INTO `timetable` VALUES (738, 4, 1, 3, 2, 6, '');
INSERT INTO `timetable` VALUES (739, 4, 1, 4, 2, 6, '');
INSERT INTO `timetable` VALUES (740, 4, 1, 5, 1, 6, '');
INSERT INTO `timetable` VALUES (741, 4, 2, 1, 1, 6, '');
INSERT INTO `timetable` VALUES (742, 4, 2, 2, 1, 6, '');
INSERT INTO `timetable` VALUES (743, 4, 2, 3, 1, 6, '');
INSERT INTO `timetable` VALUES (744, 4, 2, 4, 1, 6, '');
INSERT INTO `timetable` VALUES (745, 4, 2, 5, 1, 6, '');
INSERT INTO `timetable` VALUES (746, 4, 3, 1, 1, 6, '');
INSERT INTO `timetable` VALUES (747, 4, 3, 2, 1, 6, '');
INSERT INTO `timetable` VALUES (748, 4, 3, 3, 1, 6, '');
INSERT INTO `timetable` VALUES (749, 4, 3, 4, 1, 6, '');
INSERT INTO `timetable` VALUES (750, 4, 3, 5, 1, 6, '');
INSERT INTO `timetable` VALUES (751, 4, 4, 1, 2, 6, '');
INSERT INTO `timetable` VALUES (752, 4, 4, 2, 2, 6, '');
INSERT INTO `timetable` VALUES (753, 4, 4, 3, 1, 6, '');
INSERT INTO `timetable` VALUES (754, 4, 4, 4, 1, 6, '');
INSERT INTO `timetable` VALUES (755, 4, 4, 5, 1, 6, '');
INSERT INTO `timetable` VALUES (756, 4, 5, 1, 1, 6, '');
INSERT INTO `timetable` VALUES (757, 4, 5, 2, 1, 6, '');
INSERT INTO `timetable` VALUES (758, 4, 5, 3, 1, 6, '');
INSERT INTO `timetable` VALUES (759, 4, 5, 4, 1, 6, '');
INSERT INTO `timetable` VALUES (760, 4, 5, 5, 1, 6, '');
INSERT INTO `timetable` VALUES (761, 4, 6, 1, 1, 6, '');
INSERT INTO `timetable` VALUES (762, 4, 6, 2, 1, 6, '');
INSERT INTO `timetable` VALUES (763, 4, 6, 3, 1, 6, '');
INSERT INTO `timetable` VALUES (764, 4, 6, 4, 1, 6, '');
INSERT INTO `timetable` VALUES (765, 4, 6, 5, 1, 6, '');
INSERT INTO `timetable` VALUES (766, 4, 7, 1, 1, 6, '');
INSERT INTO `timetable` VALUES (767, 4, 7, 2, 1, 6, '');
INSERT INTO `timetable` VALUES (768, 4, 7, 3, 1, 6, '');
INSERT INTO `timetable` VALUES (769, 4, 7, 4, 1, 6, '');
INSERT INTO `timetable` VALUES (770, 4, 7, 5, 1, 6, '');
INSERT INTO `timetable` VALUES (771, 5, 1, 1, 1, 6, '');
INSERT INTO `timetable` VALUES (772, 5, 1, 2, 1, 6, '');
INSERT INTO `timetable` VALUES (773, 5, 1, 3, 1, 6, '');
INSERT INTO `timetable` VALUES (774, 5, 1, 4, 1, 6, '');
INSERT INTO `timetable` VALUES (775, 5, 1, 5, 1, 6, '');
INSERT INTO `timetable` VALUES (776, 5, 2, 1, 1, 6, '');
INSERT INTO `timetable` VALUES (777, 5, 2, 2, 1, 6, '');
INSERT INTO `timetable` VALUES (778, 5, 2, 3, 1, 6, '');
INSERT INTO `timetable` VALUES (779, 5, 2, 4, 1, 6, '');
INSERT INTO `timetable` VALUES (780, 5, 2, 5, 1, 6, '');
INSERT INTO `timetable` VALUES (781, 5, 3, 1, 1, 6, '');
INSERT INTO `timetable` VALUES (782, 5, 3, 2, 1, 6, '');
INSERT INTO `timetable` VALUES (783, 5, 3, 3, 1, 6, '');
INSERT INTO `timetable` VALUES (784, 5, 3, 4, 1, 6, '');
INSERT INTO `timetable` VALUES (785, 5, 3, 5, 1, 6, '');
INSERT INTO `timetable` VALUES (786, 5, 4, 1, 1, 6, '');
INSERT INTO `timetable` VALUES (787, 5, 4, 2, 1, 6, '');
INSERT INTO `timetable` VALUES (788, 5, 4, 3, 1, 6, '');
INSERT INTO `timetable` VALUES (789, 5, 4, 4, 1, 6, '');
INSERT INTO `timetable` VALUES (790, 5, 4, 5, 1, 6, '');
INSERT INTO `timetable` VALUES (791, 5, 5, 1, 1, 6, '');
INSERT INTO `timetable` VALUES (792, 5, 5, 2, 1, 6, '');
INSERT INTO `timetable` VALUES (793, 5, 5, 3, 1, 6, '');
INSERT INTO `timetable` VALUES (794, 5, 5, 4, 1, 6, '');
INSERT INTO `timetable` VALUES (795, 5, 5, 5, 1, 6, '');
INSERT INTO `timetable` VALUES (796, 5, 6, 1, 1, 6, '');
INSERT INTO `timetable` VALUES (797, 5, 6, 2, 1, 6, '');
INSERT INTO `timetable` VALUES (798, 5, 6, 3, 1, 6, '');
INSERT INTO `timetable` VALUES (799, 5, 6, 4, 1, 6, '');
INSERT INTO `timetable` VALUES (800, 5, 6, 5, 1, 6, '');
INSERT INTO `timetable` VALUES (801, 5, 7, 1, 1, 6, '');
INSERT INTO `timetable` VALUES (802, 5, 7, 2, 1, 6, '');
INSERT INTO `timetable` VALUES (803, 5, 7, 3, 1, 6, '');
INSERT INTO `timetable` VALUES (804, 5, 7, 4, 1, 6, '');
INSERT INTO `timetable` VALUES (805, 5, 7, 5, 1, 6, '');
INSERT INTO `timetable` VALUES (806, 6, 1, 1, 1, 6, '');
INSERT INTO `timetable` VALUES (807, 6, 1, 2, 1, 6, '');
INSERT INTO `timetable` VALUES (808, 6, 1, 3, 1, 6, '');
INSERT INTO `timetable` VALUES (809, 6, 1, 4, 1, 6, '');
INSERT INTO `timetable` VALUES (810, 6, 1, 5, 1, 6, '');
INSERT INTO `timetable` VALUES (811, 6, 2, 1, 1, 6, '');
INSERT INTO `timetable` VALUES (812, 6, 2, 2, 1, 6, '');
INSERT INTO `timetable` VALUES (813, 6, 2, 3, 1, 6, '');
INSERT INTO `timetable` VALUES (814, 6, 2, 4, 1, 6, '');
INSERT INTO `timetable` VALUES (815, 6, 2, 5, 1, 6, '');
INSERT INTO `timetable` VALUES (816, 6, 3, 1, 1, 6, '');
INSERT INTO `timetable` VALUES (817, 6, 3, 2, 1, 6, '');
INSERT INTO `timetable` VALUES (818, 6, 3, 3, 1, 6, '');
INSERT INTO `timetable` VALUES (819, 6, 3, 4, 1, 6, '');
INSERT INTO `timetable` VALUES (820, 6, 3, 5, 1, 6, '');
INSERT INTO `timetable` VALUES (821, 6, 4, 1, 1, 6, '');
INSERT INTO `timetable` VALUES (822, 6, 4, 2, 1, 6, '');
INSERT INTO `timetable` VALUES (823, 6, 4, 3, 1, 6, '');
INSERT INTO `timetable` VALUES (824, 6, 4, 4, 1, 6, '');
INSERT INTO `timetable` VALUES (825, 6, 4, 5, 1, 6, '');
INSERT INTO `timetable` VALUES (826, 6, 5, 1, 1, 6, '');
INSERT INTO `timetable` VALUES (827, 6, 5, 2, 1, 6, '');
INSERT INTO `timetable` VALUES (828, 6, 5, 3, 1, 6, '');
INSERT INTO `timetable` VALUES (829, 6, 5, 4, 1, 6, '');
INSERT INTO `timetable` VALUES (830, 6, 5, 5, 1, 6, '');
INSERT INTO `timetable` VALUES (831, 6, 6, 1, 1, 6, '');
INSERT INTO `timetable` VALUES (832, 6, 6, 2, 1, 6, '');
INSERT INTO `timetable` VALUES (833, 6, 6, 3, 1, 6, '');
INSERT INTO `timetable` VALUES (834, 6, 6, 4, 1, 6, '');
INSERT INTO `timetable` VALUES (835, 6, 6, 5, 1, 6, '');
INSERT INTO `timetable` VALUES (836, 6, 7, 1, 1, 6, '');
INSERT INTO `timetable` VALUES (837, 6, 7, 2, 1, 6, '');
INSERT INTO `timetable` VALUES (838, 6, 7, 3, 1, 6, '');
INSERT INTO `timetable` VALUES (839, 6, 7, 4, 1, 6, '');
INSERT INTO `timetable` VALUES (840, 6, 7, 5, 1, 6, '');
INSERT INTO `timetable` VALUES (841, 7, 1, 1, 1, 6, '');
INSERT INTO `timetable` VALUES (842, 7, 1, 2, 1, 6, '');
INSERT INTO `timetable` VALUES (843, 7, 1, 3, 1, 6, '');
INSERT INTO `timetable` VALUES (844, 7, 1, 4, 1, 6, '');
INSERT INTO `timetable` VALUES (845, 7, 1, 5, 1, 6, '');
INSERT INTO `timetable` VALUES (846, 7, 2, 1, 1, 6, '');
INSERT INTO `timetable` VALUES (847, 7, 2, 2, 1, 6, '');
INSERT INTO `timetable` VALUES (848, 7, 2, 3, 1, 6, '');
INSERT INTO `timetable` VALUES (849, 7, 2, 4, 1, 6, '');
INSERT INTO `timetable` VALUES (850, 7, 2, 5, 1, 6, '');
INSERT INTO `timetable` VALUES (851, 7, 3, 1, 1, 6, '');
INSERT INTO `timetable` VALUES (852, 7, 3, 2, 1, 6, '');
INSERT INTO `timetable` VALUES (853, 7, 3, 3, 1, 6, '');
INSERT INTO `timetable` VALUES (854, 7, 3, 4, 1, 6, '');
INSERT INTO `timetable` VALUES (855, 7, 3, 5, 1, 6, '');
INSERT INTO `timetable` VALUES (856, 7, 4, 1, 1, 6, '');
INSERT INTO `timetable` VALUES (857, 7, 4, 2, 1, 6, '');
INSERT INTO `timetable` VALUES (858, 7, 4, 3, 1, 6, '');
INSERT INTO `timetable` VALUES (859, 7, 4, 4, 1, 6, '');
INSERT INTO `timetable` VALUES (860, 7, 4, 5, 1, 6, '');
INSERT INTO `timetable` VALUES (861, 7, 5, 1, 1, 6, '');
INSERT INTO `timetable` VALUES (862, 7, 5, 2, 2, 6, '');
INSERT INTO `timetable` VALUES (863, 7, 5, 3, 1, 6, '');
INSERT INTO `timetable` VALUES (864, 7, 5, 4, 1, 6, '');
INSERT INTO `timetable` VALUES (865, 7, 5, 5, 1, 6, '');
INSERT INTO `timetable` VALUES (866, 7, 6, 1, 1, 6, '');
INSERT INTO `timetable` VALUES (867, 7, 6, 2, 1, 6, '');
INSERT INTO `timetable` VALUES (868, 7, 6, 3, 2, 6, '');
INSERT INTO `timetable` VALUES (869, 7, 6, 4, 1, 6, '');
INSERT INTO `timetable` VALUES (870, 7, 6, 5, 1, 6, '');
INSERT INTO `timetable` VALUES (871, 7, 7, 1, 1, 6, '');
INSERT INTO `timetable` VALUES (872, 7, 7, 2, 1, 6, '');
INSERT INTO `timetable` VALUES (873, 7, 7, 3, 1, 6, '');
INSERT INTO `timetable` VALUES (874, 7, 7, 4, 1, 6, '');
INSERT INTO `timetable` VALUES (875, 7, 7, 5, 1, 6, '');
INSERT INTO `timetable` VALUES (876, 8, 1, 1, 1, 6, '');
INSERT INTO `timetable` VALUES (877, 8, 1, 2, 2, 6, '');
INSERT INTO `timetable` VALUES (878, 8, 1, 3, 1, 6, '');
INSERT INTO `timetable` VALUES (879, 8, 1, 4, 1, 6, '');
INSERT INTO `timetable` VALUES (880, 8, 1, 5, 1, 6, '');
INSERT INTO `timetable` VALUES (881, 8, 2, 1, 1, 6, '');
INSERT INTO `timetable` VALUES (882, 8, 2, 2, 1, 6, '');
INSERT INTO `timetable` VALUES (883, 8, 2, 3, 1, 6, '');
INSERT INTO `timetable` VALUES (884, 8, 2, 4, 1, 6, '');
INSERT INTO `timetable` VALUES (885, 8, 2, 5, 1, 6, '');
INSERT INTO `timetable` VALUES (886, 8, 3, 1, 1, 6, '');
INSERT INTO `timetable` VALUES (887, 8, 3, 2, 1, 6, '');
INSERT INTO `timetable` VALUES (888, 8, 3, 3, 1, 6, '');
INSERT INTO `timetable` VALUES (889, 8, 3, 4, 1, 6, '');
INSERT INTO `timetable` VALUES (890, 8, 3, 5, 1, 6, '');
INSERT INTO `timetable` VALUES (891, 8, 4, 1, 1, 6, '');
INSERT INTO `timetable` VALUES (892, 8, 4, 2, 1, 6, '');
INSERT INTO `timetable` VALUES (893, 8, 4, 3, 1, 6, '');
INSERT INTO `timetable` VALUES (894, 8, 4, 4, 1, 6, '');
INSERT INTO `timetable` VALUES (895, 8, 4, 5, 1, 6, '');
INSERT INTO `timetable` VALUES (896, 8, 5, 1, 1, 6, '');
INSERT INTO `timetable` VALUES (897, 8, 5, 2, 2, 6, '');
INSERT INTO `timetable` VALUES (898, 8, 5, 3, 1, 6, '');
INSERT INTO `timetable` VALUES (899, 8, 5, 4, 1, 6, '');
INSERT INTO `timetable` VALUES (900, 8, 5, 5, 1, 6, '');
INSERT INTO `timetable` VALUES (901, 8, 6, 1, 1, 6, '');
INSERT INTO `timetable` VALUES (902, 8, 6, 2, 2, 6, '');
INSERT INTO `timetable` VALUES (903, 8, 6, 3, 2, 6, '');
INSERT INTO `timetable` VALUES (904, 8, 6, 4, 1, 6, '');
INSERT INTO `timetable` VALUES (905, 8, 6, 5, 1, 6, '');
INSERT INTO `timetable` VALUES (906, 8, 7, 1, 1, 6, '');
INSERT INTO `timetable` VALUES (907, 8, 7, 2, 1, 6, '');
INSERT INTO `timetable` VALUES (908, 8, 7, 3, 1, 6, '');
INSERT INTO `timetable` VALUES (909, 8, 7, 4, 1, 6, '');
INSERT INTO `timetable` VALUES (910, 8, 7, 5, 1, 6, '');
INSERT INTO `timetable` VALUES (911, 9, 1, 1, 1, 6, '');
INSERT INTO `timetable` VALUES (912, 9, 1, 2, 2, 6, '');
INSERT INTO `timetable` VALUES (913, 9, 1, 3, 1, 6, '');
INSERT INTO `timetable` VALUES (914, 9, 1, 4, 1, 6, '');
INSERT INTO `timetable` VALUES (915, 9, 1, 5, 1, 6, '');
INSERT INTO `timetable` VALUES (916, 9, 2, 1, 1, 6, '');
INSERT INTO `timetable` VALUES (917, 9, 2, 2, 1, 6, '');
INSERT INTO `timetable` VALUES (918, 9, 2, 3, 1, 6, '');
INSERT INTO `timetable` VALUES (919, 9, 2, 4, 2, 6, '');
INSERT INTO `timetable` VALUES (920, 9, 2, 5, 2, 6, '');
INSERT INTO `timetable` VALUES (921, 9, 3, 1, 1, 6, '');
INSERT INTO `timetable` VALUES (922, 9, 3, 2, 1, 6, '');
INSERT INTO `timetable` VALUES (923, 9, 3, 3, 1, 6, '');
INSERT INTO `timetable` VALUES (924, 9, 3, 4, 1, 6, '');
INSERT INTO `timetable` VALUES (925, 9, 3, 5, 1, 6, '');
INSERT INTO `timetable` VALUES (926, 9, 4, 1, 1, 6, '');
INSERT INTO `timetable` VALUES (927, 9, 4, 2, 2, 6, '');
INSERT INTO `timetable` VALUES (928, 9, 4, 3, 2, 6, '');
INSERT INTO `timetable` VALUES (929, 9, 4, 4, 1, 6, '');
INSERT INTO `timetable` VALUES (930, 9, 4, 5, 1, 6, '');
INSERT INTO `timetable` VALUES (931, 9, 5, 1, 1, 6, '');
INSERT INTO `timetable` VALUES (932, 9, 5, 2, 2, 6, '');
INSERT INTO `timetable` VALUES (933, 9, 5, 3, 1, 6, '');
INSERT INTO `timetable` VALUES (934, 9, 5, 4, 1, 6, '');
INSERT INTO `timetable` VALUES (935, 9, 5, 5, 1, 6, '');
INSERT INTO `timetable` VALUES (936, 9, 6, 1, 1, 6, '');
INSERT INTO `timetable` VALUES (937, 9, 6, 2, 2, 6, '');
INSERT INTO `timetable` VALUES (938, 9, 6, 3, 2, 6, '');
INSERT INTO `timetable` VALUES (939, 9, 6, 4, 1, 6, '');
INSERT INTO `timetable` VALUES (940, 9, 6, 5, 1, 6, '');
INSERT INTO `timetable` VALUES (941, 9, 7, 1, 1, 6, '');
INSERT INTO `timetable` VALUES (942, 9, 7, 2, 1, 6, '');
INSERT INTO `timetable` VALUES (943, 9, 7, 3, 1, 6, '');
INSERT INTO `timetable` VALUES (944, 9, 7, 4, 1, 6, '');
INSERT INTO `timetable` VALUES (945, 9, 7, 5, 1, 6, '');
INSERT INTO `timetable` VALUES (946, 10, 1, 1, 1, 6, '');
INSERT INTO `timetable` VALUES (947, 10, 1, 2, 2, 6, '');
INSERT INTO `timetable` VALUES (948, 10, 1, 3, 1, 6, '');
INSERT INTO `timetable` VALUES (949, 10, 1, 4, 1, 6, '');
INSERT INTO `timetable` VALUES (950, 10, 1, 5, 1, 6, '');
INSERT INTO `timetable` VALUES (951, 10, 2, 1, 1, 6, '');
INSERT INTO `timetable` VALUES (952, 10, 2, 2, 1, 6, '');
INSERT INTO `timetable` VALUES (953, 10, 2, 3, 1, 6, '');
INSERT INTO `timetable` VALUES (954, 10, 2, 4, 2, 6, '');
INSERT INTO `timetable` VALUES (955, 10, 2, 5, 2, 6, '');
INSERT INTO `timetable` VALUES (956, 10, 3, 1, 1, 6, '');
INSERT INTO `timetable` VALUES (957, 10, 3, 2, 1, 6, '');
INSERT INTO `timetable` VALUES (958, 10, 3, 3, 1, 6, '');
INSERT INTO `timetable` VALUES (959, 10, 3, 4, 1, 6, '');
INSERT INTO `timetable` VALUES (960, 10, 3, 5, 1, 6, '');
INSERT INTO `timetable` VALUES (961, 10, 4, 1, 1, 6, '');
INSERT INTO `timetable` VALUES (962, 10, 4, 2, 2, 6, '');
INSERT INTO `timetable` VALUES (963, 10, 4, 3, 2, 6, '');
INSERT INTO `timetable` VALUES (964, 10, 4, 4, 1, 6, '');
INSERT INTO `timetable` VALUES (965, 10, 4, 5, 1, 6, '');
INSERT INTO `timetable` VALUES (966, 10, 5, 1, 1, 6, '');
INSERT INTO `timetable` VALUES (967, 10, 5, 2, 2, 6, '');
INSERT INTO `timetable` VALUES (968, 10, 5, 3, 1, 6, '');
INSERT INTO `timetable` VALUES (969, 10, 5, 4, 1, 6, '');
INSERT INTO `timetable` VALUES (970, 10, 5, 5, 1, 6, '');
INSERT INTO `timetable` VALUES (971, 10, 6, 1, 1, 6, '');
INSERT INTO `timetable` VALUES (972, 10, 6, 2, 2, 6, '');
INSERT INTO `timetable` VALUES (973, 10, 6, 3, 2, 6, '');
INSERT INTO `timetable` VALUES (974, 10, 6, 4, 1, 6, '');
INSERT INTO `timetable` VALUES (975, 10, 6, 5, 1, 6, '');
INSERT INTO `timetable` VALUES (976, 10, 7, 1, 1, 6, '');
INSERT INTO `timetable` VALUES (977, 10, 7, 2, 1, 6, '');
INSERT INTO `timetable` VALUES (978, 10, 7, 3, 1, 6, '');
INSERT INTO `timetable` VALUES (979, 10, 7, 4, 1, 6, '');
INSERT INTO `timetable` VALUES (980, 10, 7, 5, 1, 6, '');
INSERT INTO `timetable` VALUES (981, 11, 1, 1, 1, 6, '');
INSERT INTO `timetable` VALUES (982, 11, 1, 2, 2, 6, '');
INSERT INTO `timetable` VALUES (983, 11, 1, 3, 1, 6, '');
INSERT INTO `timetable` VALUES (984, 11, 1, 4, 1, 6, '');
INSERT INTO `timetable` VALUES (985, 11, 1, 5, 1, 6, '');
INSERT INTO `timetable` VALUES (986, 11, 2, 1, 1, 6, '');
INSERT INTO `timetable` VALUES (987, 11, 2, 2, 1, 6, '');
INSERT INTO `timetable` VALUES (988, 11, 2, 3, 1, 6, '');
INSERT INTO `timetable` VALUES (989, 11, 2, 4, 2, 6, '');
INSERT INTO `timetable` VALUES (990, 11, 2, 5, 2, 6, '');
INSERT INTO `timetable` VALUES (991, 11, 3, 1, 1, 6, '');
INSERT INTO `timetable` VALUES (992, 11, 3, 2, 1, 6, '');
INSERT INTO `timetable` VALUES (993, 11, 3, 3, 1, 6, '');
INSERT INTO `timetable` VALUES (994, 11, 3, 4, 1, 6, '');
INSERT INTO `timetable` VALUES (995, 11, 3, 5, 1, 6, '');
INSERT INTO `timetable` VALUES (996, 11, 4, 1, 1, 6, '');
INSERT INTO `timetable` VALUES (997, 11, 4, 2, 2, 6, '');
INSERT INTO `timetable` VALUES (998, 11, 4, 3, 2, 6, '');
INSERT INTO `timetable` VALUES (999, 11, 4, 4, 1, 6, '');
INSERT INTO `timetable` VALUES (1000, 11, 4, 5, 1, 6, '');
INSERT INTO `timetable` VALUES (1001, 11, 5, 1, 1, 6, '');
INSERT INTO `timetable` VALUES (1002, 11, 5, 2, 2, 6, '');
INSERT INTO `timetable` VALUES (1003, 11, 5, 3, 1, 6, '');
INSERT INTO `timetable` VALUES (1004, 11, 5, 4, 1, 6, '');
INSERT INTO `timetable` VALUES (1005, 11, 5, 5, 1, 6, '');
INSERT INTO `timetable` VALUES (1006, 11, 6, 1, 1, 6, '');
INSERT INTO `timetable` VALUES (1007, 11, 6, 2, 2, 6, '');
INSERT INTO `timetable` VALUES (1008, 11, 6, 3, 2, 6, '');
INSERT INTO `timetable` VALUES (1009, 11, 6, 4, 1, 6, '');
INSERT INTO `timetable` VALUES (1010, 11, 6, 5, 1, 6, '');
INSERT INTO `timetable` VALUES (1011, 11, 7, 1, 1, 6, '');
INSERT INTO `timetable` VALUES (1012, 11, 7, 2, 1, 6, '');
INSERT INTO `timetable` VALUES (1013, 11, 7, 3, 1, 6, '');
INSERT INTO `timetable` VALUES (1014, 11, 7, 4, 1, 6, '');
INSERT INTO `timetable` VALUES (1015, 11, 7, 5, 1, 6, '');
INSERT INTO `timetable` VALUES (1016, 12, 1, 1, 1, 6, '');
INSERT INTO `timetable` VALUES (1017, 12, 1, 2, 2, 6, '');
INSERT INTO `timetable` VALUES (1018, 12, 1, 3, 1, 6, '');
INSERT INTO `timetable` VALUES (1019, 12, 1, 4, 1, 6, '');
INSERT INTO `timetable` VALUES (1020, 12, 1, 5, 1, 6, '');
INSERT INTO `timetable` VALUES (1021, 12, 2, 1, 1, 6, '');
INSERT INTO `timetable` VALUES (1022, 12, 2, 2, 1, 6, '');
INSERT INTO `timetable` VALUES (1023, 12, 2, 3, 1, 6, '');
INSERT INTO `timetable` VALUES (1024, 12, 2, 4, 2, 6, '');
INSERT INTO `timetable` VALUES (1025, 12, 2, 5, 2, 6, '');
INSERT INTO `timetable` VALUES (1026, 12, 3, 1, 2, 6, '');
INSERT INTO `timetable` VALUES (1027, 12, 3, 2, 2, 6, '');
INSERT INTO `timetable` VALUES (1028, 12, 3, 3, 1, 6, '');
INSERT INTO `timetable` VALUES (1029, 12, 3, 4, 1, 6, '');
INSERT INTO `timetable` VALUES (1030, 12, 3, 5, 1, 6, '');
INSERT INTO `timetable` VALUES (1031, 12, 4, 1, 1, 6, '');
INSERT INTO `timetable` VALUES (1032, 12, 4, 2, 2, 6, '');
INSERT INTO `timetable` VALUES (1033, 12, 4, 3, 2, 6, '');
INSERT INTO `timetable` VALUES (1034, 12, 4, 4, 1, 6, '');
INSERT INTO `timetable` VALUES (1035, 12, 4, 5, 1, 6, '');
INSERT INTO `timetable` VALUES (1036, 12, 5, 1, 1, 6, '');
INSERT INTO `timetable` VALUES (1037, 12, 5, 2, 2, 6, '');
INSERT INTO `timetable` VALUES (1038, 12, 5, 3, 2, 6, '');
INSERT INTO `timetable` VALUES (1039, 12, 5, 4, 2, 6, '');
INSERT INTO `timetable` VALUES (1040, 12, 5, 5, 1, 6, '');
INSERT INTO `timetable` VALUES (1041, 12, 6, 1, 1, 6, '');
INSERT INTO `timetable` VALUES (1042, 12, 6, 2, 2, 6, '');
INSERT INTO `timetable` VALUES (1043, 12, 6, 3, 2, 6, '');
INSERT INTO `timetable` VALUES (1044, 12, 6, 4, 1, 6, '');
INSERT INTO `timetable` VALUES (1045, 12, 6, 5, 1, 6, '');
INSERT INTO `timetable` VALUES (1046, 12, 7, 1, 1, 6, '');
INSERT INTO `timetable` VALUES (1047, 12, 7, 2, 1, 6, '');
INSERT INTO `timetable` VALUES (1048, 12, 7, 3, 1, 6, '');
INSERT INTO `timetable` VALUES (1049, 12, 7, 4, 1, 6, '');
INSERT INTO `timetable` VALUES (1050, 12, 7, 5, 1, 6, '');
INSERT INTO `timetable` VALUES (1051, 13, 1, 1, 1, 6, '');
INSERT INTO `timetable` VALUES (1052, 13, 1, 2, 2, 6, '');
INSERT INTO `timetable` VALUES (1053, 13, 1, 3, 1, 6, '');
INSERT INTO `timetable` VALUES (1054, 13, 1, 4, 1, 6, '');
INSERT INTO `timetable` VALUES (1055, 13, 1, 5, 1, 6, '');
INSERT INTO `timetable` VALUES (1056, 13, 2, 1, 1, 6, '');
INSERT INTO `timetable` VALUES (1057, 13, 2, 2, 1, 6, '');
INSERT INTO `timetable` VALUES (1058, 13, 2, 3, 1, 6, '');
INSERT INTO `timetable` VALUES (1059, 13, 2, 4, 1, 6, '');
INSERT INTO `timetable` VALUES (1060, 13, 2, 5, 1, 6, '');
INSERT INTO `timetable` VALUES (1061, 13, 3, 1, 2, 6, '');
INSERT INTO `timetable` VALUES (1062, 13, 3, 2, 2, 6, '');
INSERT INTO `timetable` VALUES (1063, 13, 3, 3, 1, 6, '');
INSERT INTO `timetable` VALUES (1064, 13, 3, 4, 1, 6, '');
INSERT INTO `timetable` VALUES (1065, 13, 3, 5, 1, 6, '');
INSERT INTO `timetable` VALUES (1066, 13, 4, 1, 1, 6, '');
INSERT INTO `timetable` VALUES (1067, 13, 4, 2, 1, 6, '');
INSERT INTO `timetable` VALUES (1068, 13, 4, 3, 1, 6, '');
INSERT INTO `timetable` VALUES (1069, 13, 4, 4, 1, 6, '');
INSERT INTO `timetable` VALUES (1070, 13, 4, 5, 1, 6, '');
INSERT INTO `timetable` VALUES (1071, 13, 5, 1, 1, 6, '');
INSERT INTO `timetable` VALUES (1072, 13, 5, 2, 2, 6, '');
INSERT INTO `timetable` VALUES (1073, 13, 5, 3, 2, 6, '');
INSERT INTO `timetable` VALUES (1074, 13, 5, 4, 2, 6, '');
INSERT INTO `timetable` VALUES (1075, 13, 5, 5, 1, 6, '');
INSERT INTO `timetable` VALUES (1076, 13, 6, 1, 1, 6, '');
INSERT INTO `timetable` VALUES (1077, 13, 6, 2, 2, 6, '');
INSERT INTO `timetable` VALUES (1078, 13, 6, 3, 2, 6, '');
INSERT INTO `timetable` VALUES (1079, 13, 6, 4, 1, 6, '');
INSERT INTO `timetable` VALUES (1080, 13, 6, 5, 1, 6, '');
INSERT INTO `timetable` VALUES (1081, 13, 7, 1, 1, 6, '');
INSERT INTO `timetable` VALUES (1082, 13, 7, 2, 1, 6, '');
INSERT INTO `timetable` VALUES (1083, 13, 7, 3, 1, 6, '');
INSERT INTO `timetable` VALUES (1084, 13, 7, 4, 1, 6, '');
INSERT INTO `timetable` VALUES (1085, 13, 7, 5, 1, 6, '');
INSERT INTO `timetable` VALUES (1086, 14, 1, 1, 1, 6, '');
INSERT INTO `timetable` VALUES (1087, 14, 1, 2, 2, 6, '');
INSERT INTO `timetable` VALUES (1088, 14, 1, 3, 1, 6, '');
INSERT INTO `timetable` VALUES (1089, 14, 1, 4, 1, 6, '');
INSERT INTO `timetable` VALUES (1090, 14, 1, 5, 1, 6, '');
INSERT INTO `timetable` VALUES (1091, 14, 2, 1, 1, 6, '');
INSERT INTO `timetable` VALUES (1092, 14, 2, 2, 1, 6, '');
INSERT INTO `timetable` VALUES (1093, 14, 2, 3, 1, 6, '');
INSERT INTO `timetable` VALUES (1094, 14, 2, 4, 1, 6, '');
INSERT INTO `timetable` VALUES (1095, 14, 2, 5, 1, 6, '');
INSERT INTO `timetable` VALUES (1096, 14, 3, 1, 2, 6, '');
INSERT INTO `timetable` VALUES (1097, 14, 3, 2, 2, 6, '');
INSERT INTO `timetable` VALUES (1098, 14, 3, 3, 1, 6, '');
INSERT INTO `timetable` VALUES (1099, 14, 3, 4, 1, 6, '');
INSERT INTO `timetable` VALUES (1100, 14, 3, 5, 1, 6, '');
INSERT INTO `timetable` VALUES (1101, 14, 4, 1, 1, 6, '');
INSERT INTO `timetable` VALUES (1102, 14, 4, 2, 1, 6, '');
INSERT INTO `timetable` VALUES (1103, 14, 4, 3, 1, 6, '');
INSERT INTO `timetable` VALUES (1104, 14, 4, 4, 1, 6, '');
INSERT INTO `timetable` VALUES (1105, 14, 4, 5, 1, 6, '');
INSERT INTO `timetable` VALUES (1106, 14, 5, 1, 1, 6, '');
INSERT INTO `timetable` VALUES (1107, 14, 5, 2, 2, 6, '');
INSERT INTO `timetable` VALUES (1108, 14, 5, 3, 2, 6, '');
INSERT INTO `timetable` VALUES (1109, 14, 5, 4, 2, 6, '');
INSERT INTO `timetable` VALUES (1110, 14, 5, 5, 1, 6, '');
INSERT INTO `timetable` VALUES (1111, 14, 6, 1, 1, 6, '');
INSERT INTO `timetable` VALUES (1112, 14, 6, 2, 2, 6, '');
INSERT INTO `timetable` VALUES (1113, 14, 6, 3, 2, 6, '');
INSERT INTO `timetable` VALUES (1114, 14, 6, 4, 1, 6, '');
INSERT INTO `timetable` VALUES (1115, 14, 6, 5, 1, 6, '');
INSERT INTO `timetable` VALUES (1116, 14, 7, 1, 1, 6, '');
INSERT INTO `timetable` VALUES (1117, 14, 7, 2, 1, 6, '');
INSERT INTO `timetable` VALUES (1118, 14, 7, 3, 1, 6, '');
INSERT INTO `timetable` VALUES (1119, 14, 7, 4, 1, 6, '');
INSERT INTO `timetable` VALUES (1120, 14, 7, 5, 1, 6, '');
INSERT INTO `timetable` VALUES (1121, 15, 1, 1, 1, 6, '');
INSERT INTO `timetable` VALUES (1122, 15, 1, 2, 2, 6, '');
INSERT INTO `timetable` VALUES (1123, 15, 1, 3, 1, 6, '');
INSERT INTO `timetable` VALUES (1124, 15, 1, 4, 1, 6, '');
INSERT INTO `timetable` VALUES (1125, 15, 1, 5, 1, 6, '');
INSERT INTO `timetable` VALUES (1126, 15, 2, 1, 1, 6, '');
INSERT INTO `timetable` VALUES (1127, 15, 2, 2, 1, 6, '');
INSERT INTO `timetable` VALUES (1128, 15, 2, 3, 1, 6, '');
INSERT INTO `timetable` VALUES (1129, 15, 2, 4, 1, 6, '');
INSERT INTO `timetable` VALUES (1130, 15, 2, 5, 1, 6, '');
INSERT INTO `timetable` VALUES (1131, 15, 3, 1, 2, 6, '');
INSERT INTO `timetable` VALUES (1132, 15, 3, 2, 2, 6, '');
INSERT INTO `timetable` VALUES (1133, 15, 3, 3, 1, 6, '');
INSERT INTO `timetable` VALUES (1134, 15, 3, 4, 1, 6, '');
INSERT INTO `timetable` VALUES (1135, 15, 3, 5, 1, 6, '');
INSERT INTO `timetable` VALUES (1136, 15, 4, 1, 1, 6, '');
INSERT INTO `timetable` VALUES (1137, 15, 4, 2, 1, 6, '');
INSERT INTO `timetable` VALUES (1138, 15, 4, 3, 1, 6, '');
INSERT INTO `timetable` VALUES (1139, 15, 4, 4, 1, 6, '');
INSERT INTO `timetable` VALUES (1140, 15, 4, 5, 1, 6, '');
INSERT INTO `timetable` VALUES (1141, 15, 5, 1, 1, 6, '');
INSERT INTO `timetable` VALUES (1142, 15, 5, 2, 1, 6, '');
INSERT INTO `timetable` VALUES (1143, 15, 5, 3, 2, 6, '');
INSERT INTO `timetable` VALUES (1144, 15, 5, 4, 2, 6, '');
INSERT INTO `timetable` VALUES (1145, 15, 5, 5, 1, 6, '');
INSERT INTO `timetable` VALUES (1146, 15, 6, 1, 1, 6, '');
INSERT INTO `timetable` VALUES (1147, 15, 6, 2, 2, 6, '');
INSERT INTO `timetable` VALUES (1148, 15, 6, 3, 1, 6, '');
INSERT INTO `timetable` VALUES (1149, 15, 6, 4, 1, 6, '');
INSERT INTO `timetable` VALUES (1150, 15, 6, 5, 1, 6, '');
INSERT INTO `timetable` VALUES (1151, 15, 7, 1, 1, 6, '');
INSERT INTO `timetable` VALUES (1152, 15, 7, 2, 1, 6, '');
INSERT INTO `timetable` VALUES (1153, 15, 7, 3, 1, 6, '');
INSERT INTO `timetable` VALUES (1154, 15, 7, 4, 1, 6, '');
INSERT INTO `timetable` VALUES (1155, 15, 7, 5, 1, 6, '');
INSERT INTO `timetable` VALUES (1156, 16, 1, 1, 1, 6, '');
INSERT INTO `timetable` VALUES (1157, 16, 1, 2, 1, 6, '');
INSERT INTO `timetable` VALUES (1158, 16, 1, 3, 1, 6, '');
INSERT INTO `timetable` VALUES (1159, 16, 1, 4, 1, 6, '');
INSERT INTO `timetable` VALUES (1160, 16, 1, 5, 1, 6, '');
INSERT INTO `timetable` VALUES (1161, 16, 2, 1, 1, 6, '');
INSERT INTO `timetable` VALUES (1162, 16, 2, 2, 1, 6, '');
INSERT INTO `timetable` VALUES (1163, 16, 2, 3, 1, 6, '');
INSERT INTO `timetable` VALUES (1164, 16, 2, 4, 1, 6, '');
INSERT INTO `timetable` VALUES (1165, 16, 2, 5, 1, 6, '');
INSERT INTO `timetable` VALUES (1166, 16, 3, 1, 1, 6, '');
INSERT INTO `timetable` VALUES (1167, 16, 3, 2, 1, 6, '');
INSERT INTO `timetable` VALUES (1168, 16, 3, 3, 1, 6, '');
INSERT INTO `timetable` VALUES (1169, 16, 3, 4, 1, 6, '');
INSERT INTO `timetable` VALUES (1170, 16, 3, 5, 1, 6, '');
INSERT INTO `timetable` VALUES (1171, 16, 4, 1, 1, 6, '');
INSERT INTO `timetable` VALUES (1172, 16, 4, 2, 1, 6, '');
INSERT INTO `timetable` VALUES (1173, 16, 4, 3, 1, 6, '');
INSERT INTO `timetable` VALUES (1174, 16, 4, 4, 1, 6, '');
INSERT INTO `timetable` VALUES (1175, 16, 4, 5, 1, 6, '');
INSERT INTO `timetable` VALUES (1176, 16, 5, 1, 1, 6, '');
INSERT INTO `timetable` VALUES (1177, 16, 5, 2, 1, 6, '');
INSERT INTO `timetable` VALUES (1178, 16, 5, 3, 1, 6, '');
INSERT INTO `timetable` VALUES (1179, 16, 5, 4, 1, 6, '');
INSERT INTO `timetable` VALUES (1180, 16, 5, 5, 1, 6, '');
INSERT INTO `timetable` VALUES (1181, 16, 6, 1, 1, 6, '');
INSERT INTO `timetable` VALUES (1182, 16, 6, 2, 1, 6, '');
INSERT INTO `timetable` VALUES (1183, 16, 6, 3, 1, 6, '');
INSERT INTO `timetable` VALUES (1184, 16, 6, 4, 1, 6, '');
INSERT INTO `timetable` VALUES (1185, 16, 6, 5, 1, 6, '');
INSERT INTO `timetable` VALUES (1186, 16, 7, 1, 1, 6, '');
INSERT INTO `timetable` VALUES (1187, 16, 7, 2, 1, 6, '');
INSERT INTO `timetable` VALUES (1188, 16, 7, 3, 1, 6, '');
INSERT INTO `timetable` VALUES (1189, 16, 7, 4, 1, 6, '');
INSERT INTO `timetable` VALUES (1190, 16, 7, 5, 1, 6, '');
INSERT INTO `timetable` VALUES (1191, 17, 1, 1, 1, 6, '');
INSERT INTO `timetable` VALUES (1192, 17, 1, 2, 1, 6, '');
INSERT INTO `timetable` VALUES (1193, 17, 1, 3, 1, 6, '');
INSERT INTO `timetable` VALUES (1194, 17, 1, 4, 1, 6, '');
INSERT INTO `timetable` VALUES (1195, 17, 1, 5, 1, 6, '');
INSERT INTO `timetable` VALUES (1196, 17, 2, 1, 1, 6, '');
INSERT INTO `timetable` VALUES (1197, 17, 2, 2, 1, 6, '');
INSERT INTO `timetable` VALUES (1198, 17, 2, 3, 1, 6, '');
INSERT INTO `timetable` VALUES (1199, 17, 2, 4, 1, 6, '');
INSERT INTO `timetable` VALUES (1200, 17, 2, 5, 1, 6, '');
INSERT INTO `timetable` VALUES (1201, 17, 3, 1, 1, 6, '');
INSERT INTO `timetable` VALUES (1202, 17, 3, 2, 1, 6, '');
INSERT INTO `timetable` VALUES (1203, 17, 3, 3, 1, 6, '');
INSERT INTO `timetable` VALUES (1204, 17, 3, 4, 1, 6, '');
INSERT INTO `timetable` VALUES (1205, 17, 3, 5, 1, 6, '');
INSERT INTO `timetable` VALUES (1206, 17, 4, 1, 1, 6, '');
INSERT INTO `timetable` VALUES (1207, 17, 4, 2, 1, 6, '');
INSERT INTO `timetable` VALUES (1208, 17, 4, 3, 1, 6, '');
INSERT INTO `timetable` VALUES (1209, 17, 4, 4, 1, 6, '');
INSERT INTO `timetable` VALUES (1210, 17, 4, 5, 1, 6, '');
INSERT INTO `timetable` VALUES (1211, 17, 5, 1, 1, 6, '');
INSERT INTO `timetable` VALUES (1212, 17, 5, 2, 1, 6, '');
INSERT INTO `timetable` VALUES (1213, 17, 5, 3, 1, 6, '');
INSERT INTO `timetable` VALUES (1214, 17, 5, 4, 1, 6, '');
INSERT INTO `timetable` VALUES (1215, 17, 5, 5, 1, 6, '');
INSERT INTO `timetable` VALUES (1216, 17, 6, 1, 1, 6, '');
INSERT INTO `timetable` VALUES (1217, 17, 6, 2, 1, 6, '');
INSERT INTO `timetable` VALUES (1218, 17, 6, 3, 1, 6, '');
INSERT INTO `timetable` VALUES (1219, 17, 6, 4, 1, 6, '');
INSERT INTO `timetable` VALUES (1220, 17, 6, 5, 1, 6, '');
INSERT INTO `timetable` VALUES (1221, 17, 7, 1, 1, 6, '');
INSERT INTO `timetable` VALUES (1222, 17, 7, 2, 1, 6, '');
INSERT INTO `timetable` VALUES (1223, 17, 7, 3, 1, 6, '');
INSERT INTO `timetable` VALUES (1224, 17, 7, 4, 1, 6, '');
INSERT INTO `timetable` VALUES (1225, 17, 7, 5, 1, 6, '');
INSERT INTO `timetable` VALUES (1226, 18, 1, 1, 1, 6, '');
INSERT INTO `timetable` VALUES (1227, 18, 1, 2, 1, 6, '');
INSERT INTO `timetable` VALUES (1228, 18, 1, 3, 1, 6, '');
INSERT INTO `timetable` VALUES (1229, 18, 1, 4, 1, 6, '');
INSERT INTO `timetable` VALUES (1230, 18, 1, 5, 1, 6, '');
INSERT INTO `timetable` VALUES (1231, 18, 2, 1, 1, 6, '');
INSERT INTO `timetable` VALUES (1232, 18, 2, 2, 1, 6, '');
INSERT INTO `timetable` VALUES (1233, 18, 2, 3, 1, 6, '');
INSERT INTO `timetable` VALUES (1234, 18, 2, 4, 1, 6, '');
INSERT INTO `timetable` VALUES (1235, 18, 2, 5, 1, 6, '');
INSERT INTO `timetable` VALUES (1236, 18, 3, 1, 1, 6, '');
INSERT INTO `timetable` VALUES (1237, 18, 3, 2, 1, 6, '');
INSERT INTO `timetable` VALUES (1238, 18, 3, 3, 1, 6, '');
INSERT INTO `timetable` VALUES (1239, 18, 3, 4, 1, 6, '');
INSERT INTO `timetable` VALUES (1240, 18, 3, 5, 1, 6, '');
INSERT INTO `timetable` VALUES (1241, 18, 4, 1, 1, 6, '');
INSERT INTO `timetable` VALUES (1242, 18, 4, 2, 1, 6, '');
INSERT INTO `timetable` VALUES (1243, 18, 4, 3, 1, 6, '');
INSERT INTO `timetable` VALUES (1244, 18, 4, 4, 1, 6, '');
INSERT INTO `timetable` VALUES (1245, 18, 4, 5, 1, 6, '');
INSERT INTO `timetable` VALUES (1246, 18, 5, 1, 1, 6, '');
INSERT INTO `timetable` VALUES (1247, 18, 5, 2, 1, 6, '');
INSERT INTO `timetable` VALUES (1248, 18, 5, 3, 1, 6, '');
INSERT INTO `timetable` VALUES (1249, 18, 5, 4, 1, 6, '');
INSERT INTO `timetable` VALUES (1250, 18, 5, 5, 1, 6, '');
INSERT INTO `timetable` VALUES (1251, 18, 6, 1, 1, 6, '');
INSERT INTO `timetable` VALUES (1252, 18, 6, 2, 1, 6, '');
INSERT INTO `timetable` VALUES (1253, 18, 6, 3, 1, 6, '');
INSERT INTO `timetable` VALUES (1254, 18, 6, 4, 1, 6, '');
INSERT INTO `timetable` VALUES (1255, 18, 6, 5, 1, 6, '');
INSERT INTO `timetable` VALUES (1256, 18, 7, 1, 1, 6, '');
INSERT INTO `timetable` VALUES (1257, 18, 7, 2, 1, 6, '');
INSERT INTO `timetable` VALUES (1258, 18, 7, 3, 1, 6, '');
INSERT INTO `timetable` VALUES (1259, 18, 7, 4, 1, 6, '');
INSERT INTO `timetable` VALUES (1260, 18, 7, 5, 1, 6, '');
INSERT INTO `timetable` VALUES (1261, 1, 1, 1, 1, 12, '');
INSERT INTO `timetable` VALUES (1262, 1, 1, 2, 1, 12, '');
INSERT INTO `timetable` VALUES (1263, 1, 1, 3, 2, 12, '');
INSERT INTO `timetable` VALUES (1264, 1, 1, 4, 2, 12, '');
INSERT INTO `timetable` VALUES (1265, 1, 1, 5, 1, 12, '');
INSERT INTO `timetable` VALUES (1266, 1, 2, 1, 1, 12, '');
INSERT INTO `timetable` VALUES (1267, 1, 2, 2, 1, 12, '');
INSERT INTO `timetable` VALUES (1268, 1, 2, 3, 1, 12, '');
INSERT INTO `timetable` VALUES (1269, 1, 2, 4, 1, 12, '');
INSERT INTO `timetable` VALUES (1270, 1, 2, 5, 1, 12, '');
INSERT INTO `timetable` VALUES (1271, 1, 3, 1, 1, 12, '');
INSERT INTO `timetable` VALUES (1272, 1, 3, 2, 1, 12, '');
INSERT INTO `timetable` VALUES (1273, 1, 3, 3, 1, 12, '');
INSERT INTO `timetable` VALUES (1274, 1, 3, 4, 1, 12, '');
INSERT INTO `timetable` VALUES (1275, 1, 3, 5, 1, 12, '');
INSERT INTO `timetable` VALUES (1276, 1, 4, 1, 2, 12, '');
INSERT INTO `timetable` VALUES (1277, 1, 4, 2, 2, 12, '');
INSERT INTO `timetable` VALUES (1278, 1, 4, 3, 1, 12, '');
INSERT INTO `timetable` VALUES (1279, 1, 4, 4, 1, 12, '');
INSERT INTO `timetable` VALUES (1280, 1, 4, 5, 1, 12, '');
INSERT INTO `timetable` VALUES (1281, 1, 5, 1, 1, 12, '');
INSERT INTO `timetable` VALUES (1282, 1, 5, 2, 1, 12, '');
INSERT INTO `timetable` VALUES (1283, 1, 5, 3, 1, 12, '');
INSERT INTO `timetable` VALUES (1284, 1, 5, 4, 1, 12, '');
INSERT INTO `timetable` VALUES (1285, 1, 5, 5, 1, 12, '');
INSERT INTO `timetable` VALUES (1286, 1, 6, 1, 1, 12, '');
INSERT INTO `timetable` VALUES (1287, 1, 6, 2, 1, 12, '');
INSERT INTO `timetable` VALUES (1288, 1, 6, 3, 1, 12, '');
INSERT INTO `timetable` VALUES (1289, 1, 6, 4, 1, 12, '');
INSERT INTO `timetable` VALUES (1290, 1, 6, 5, 1, 12, '');
INSERT INTO `timetable` VALUES (1291, 1, 7, 1, 1, 12, '');
INSERT INTO `timetable` VALUES (1292, 1, 7, 2, 1, 12, '');
INSERT INTO `timetable` VALUES (1293, 1, 7, 3, 1, 12, '');
INSERT INTO `timetable` VALUES (1294, 1, 7, 4, 1, 12, '');
INSERT INTO `timetable` VALUES (1295, 1, 7, 5, 1, 12, '');
INSERT INTO `timetable` VALUES (1296, 2, 1, 1, 1, 12, '');
INSERT INTO `timetable` VALUES (1297, 2, 1, 2, 1, 12, '');
INSERT INTO `timetable` VALUES (1298, 2, 1, 3, 2, 12, '');
INSERT INTO `timetable` VALUES (1299, 2, 1, 4, 2, 12, '');
INSERT INTO `timetable` VALUES (1300, 2, 1, 5, 1, 12, '');
INSERT INTO `timetable` VALUES (1301, 2, 2, 1, 1, 12, '');
INSERT INTO `timetable` VALUES (1302, 2, 2, 2, 1, 12, '');
INSERT INTO `timetable` VALUES (1303, 2, 2, 3, 1, 12, '');
INSERT INTO `timetable` VALUES (1304, 2, 2, 4, 1, 12, '');
INSERT INTO `timetable` VALUES (1305, 2, 2, 5, 1, 12, '');
INSERT INTO `timetable` VALUES (1306, 2, 3, 1, 1, 12, '');
INSERT INTO `timetable` VALUES (1307, 2, 3, 2, 1, 12, '');
INSERT INTO `timetable` VALUES (1308, 2, 3, 3, 1, 12, '');
INSERT INTO `timetable` VALUES (1309, 2, 3, 4, 1, 12, '');
INSERT INTO `timetable` VALUES (1310, 2, 3, 5, 1, 12, '');
INSERT INTO `timetable` VALUES (1311, 2, 4, 1, 2, 12, '');
INSERT INTO `timetable` VALUES (1312, 2, 4, 2, 2, 12, '');
INSERT INTO `timetable` VALUES (1313, 2, 4, 3, 1, 12, '');
INSERT INTO `timetable` VALUES (1314, 2, 4, 4, 1, 12, '');
INSERT INTO `timetable` VALUES (1315, 2, 4, 5, 1, 12, '');
INSERT INTO `timetable` VALUES (1316, 2, 5, 1, 1, 12, '');
INSERT INTO `timetable` VALUES (1317, 2, 5, 2, 1, 12, '');
INSERT INTO `timetable` VALUES (1318, 2, 5, 3, 1, 12, '');
INSERT INTO `timetable` VALUES (1319, 2, 5, 4, 1, 12, '');
INSERT INTO `timetable` VALUES (1320, 2, 5, 5, 1, 12, '');
INSERT INTO `timetable` VALUES (1321, 2, 6, 1, 1, 12, '');
INSERT INTO `timetable` VALUES (1322, 2, 6, 2, 1, 12, '');
INSERT INTO `timetable` VALUES (1323, 2, 6, 3, 1, 12, '');
INSERT INTO `timetable` VALUES (1324, 2, 6, 4, 1, 12, '');
INSERT INTO `timetable` VALUES (1325, 2, 6, 5, 1, 12, '');
INSERT INTO `timetable` VALUES (1326, 2, 7, 1, 1, 12, '');
INSERT INTO `timetable` VALUES (1327, 2, 7, 2, 1, 12, '');
INSERT INTO `timetable` VALUES (1328, 2, 7, 3, 1, 12, '');
INSERT INTO `timetable` VALUES (1329, 2, 7, 4, 1, 12, '');
INSERT INTO `timetable` VALUES (1330, 2, 7, 5, 1, 12, '');
INSERT INTO `timetable` VALUES (1331, 3, 1, 1, 1, 12, '');
INSERT INTO `timetable` VALUES (1332, 3, 1, 2, 1, 12, '');
INSERT INTO `timetable` VALUES (1333, 3, 1, 3, 2, 12, '');
INSERT INTO `timetable` VALUES (1334, 3, 1, 4, 2, 12, '');
INSERT INTO `timetable` VALUES (1335, 3, 1, 5, 1, 12, '');
INSERT INTO `timetable` VALUES (1336, 3, 2, 1, 1, 12, '');
INSERT INTO `timetable` VALUES (1337, 3, 2, 2, 1, 12, '');
INSERT INTO `timetable` VALUES (1338, 3, 2, 3, 1, 12, '');
INSERT INTO `timetable` VALUES (1339, 3, 2, 4, 1, 12, '');
INSERT INTO `timetable` VALUES (1340, 3, 2, 5, 1, 12, '');
INSERT INTO `timetable` VALUES (1341, 3, 3, 1, 1, 12, '');
INSERT INTO `timetable` VALUES (1342, 3, 3, 2, 1, 12, '');
INSERT INTO `timetable` VALUES (1343, 3, 3, 3, 1, 12, '');
INSERT INTO `timetable` VALUES (1344, 3, 3, 4, 1, 12, '');
INSERT INTO `timetable` VALUES (1345, 3, 3, 5, 1, 12, '');
INSERT INTO `timetable` VALUES (1346, 3, 4, 1, 2, 12, '');
INSERT INTO `timetable` VALUES (1347, 3, 4, 2, 2, 12, '');
INSERT INTO `timetable` VALUES (1348, 3, 4, 3, 1, 12, '');
INSERT INTO `timetable` VALUES (1349, 3, 4, 4, 1, 12, '');
INSERT INTO `timetable` VALUES (1350, 3, 4, 5, 1, 12, '');
INSERT INTO `timetable` VALUES (1351, 3, 5, 1, 1, 12, '');
INSERT INTO `timetable` VALUES (1352, 3, 5, 2, 1, 12, '');
INSERT INTO `timetable` VALUES (1353, 3, 5, 3, 1, 12, '');
INSERT INTO `timetable` VALUES (1354, 3, 5, 4, 1, 12, '');
INSERT INTO `timetable` VALUES (1355, 3, 5, 5, 1, 12, '');
INSERT INTO `timetable` VALUES (1356, 3, 6, 1, 1, 12, '');
INSERT INTO `timetable` VALUES (1357, 3, 6, 2, 1, 12, '');
INSERT INTO `timetable` VALUES (1358, 3, 6, 3, 1, 12, '');
INSERT INTO `timetable` VALUES (1359, 3, 6, 4, 1, 12, '');
INSERT INTO `timetable` VALUES (1360, 3, 6, 5, 1, 12, '');
INSERT INTO `timetable` VALUES (1361, 3, 7, 1, 1, 12, '');
INSERT INTO `timetable` VALUES (1362, 3, 7, 2, 1, 12, '');
INSERT INTO `timetable` VALUES (1363, 3, 7, 3, 1, 12, '');
INSERT INTO `timetable` VALUES (1364, 3, 7, 4, 1, 12, '');
INSERT INTO `timetable` VALUES (1365, 3, 7, 5, 1, 12, '');
INSERT INTO `timetable` VALUES (1366, 4, 1, 1, 1, 12, '');
INSERT INTO `timetable` VALUES (1367, 4, 1, 2, 1, 12, '');
INSERT INTO `timetable` VALUES (1368, 4, 1, 3, 2, 12, '');
INSERT INTO `timetable` VALUES (1369, 4, 1, 4, 2, 12, '');
INSERT INTO `timetable` VALUES (1370, 4, 1, 5, 1, 12, '');
INSERT INTO `timetable` VALUES (1371, 4, 2, 1, 1, 12, '');
INSERT INTO `timetable` VALUES (1372, 4, 2, 2, 1, 12, '');
INSERT INTO `timetable` VALUES (1373, 4, 2, 3, 1, 12, '');
INSERT INTO `timetable` VALUES (1374, 4, 2, 4, 1, 12, '');
INSERT INTO `timetable` VALUES (1375, 4, 2, 5, 1, 12, '');
INSERT INTO `timetable` VALUES (1376, 4, 3, 1, 1, 12, '');
INSERT INTO `timetable` VALUES (1377, 4, 3, 2, 1, 12, '');
INSERT INTO `timetable` VALUES (1378, 4, 3, 3, 1, 12, '');
INSERT INTO `timetable` VALUES (1379, 4, 3, 4, 1, 12, '');
INSERT INTO `timetable` VALUES (1380, 4, 3, 5, 1, 12, '');
INSERT INTO `timetable` VALUES (1381, 4, 4, 1, 2, 12, '');
INSERT INTO `timetable` VALUES (1382, 4, 4, 2, 2, 12, '');
INSERT INTO `timetable` VALUES (1383, 4, 4, 3, 1, 12, '');
INSERT INTO `timetable` VALUES (1384, 4, 4, 4, 1, 12, '');
INSERT INTO `timetable` VALUES (1385, 4, 4, 5, 1, 12, '');
INSERT INTO `timetable` VALUES (1386, 4, 5, 1, 1, 12, '');
INSERT INTO `timetable` VALUES (1387, 4, 5, 2, 1, 12, '');
INSERT INTO `timetable` VALUES (1388, 4, 5, 3, 1, 12, '');
INSERT INTO `timetable` VALUES (1389, 4, 5, 4, 1, 12, '');
INSERT INTO `timetable` VALUES (1390, 4, 5, 5, 1, 12, '');
INSERT INTO `timetable` VALUES (1391, 4, 6, 1, 1, 12, '');
INSERT INTO `timetable` VALUES (1392, 4, 6, 2, 1, 12, '');
INSERT INTO `timetable` VALUES (1393, 4, 6, 3, 1, 12, '');
INSERT INTO `timetable` VALUES (1394, 4, 6, 4, 1, 12, '');
INSERT INTO `timetable` VALUES (1395, 4, 6, 5, 1, 12, '');
INSERT INTO `timetable` VALUES (1396, 4, 7, 1, 1, 12, '');
INSERT INTO `timetable` VALUES (1397, 4, 7, 2, 1, 12, '');
INSERT INTO `timetable` VALUES (1398, 4, 7, 3, 1, 12, '');
INSERT INTO `timetable` VALUES (1399, 4, 7, 4, 1, 12, '');
INSERT INTO `timetable` VALUES (1400, 4, 7, 5, 1, 12, '');
INSERT INTO `timetable` VALUES (1401, 5, 1, 1, 1, 12, '');
INSERT INTO `timetable` VALUES (1402, 5, 1, 2, 1, 12, '');
INSERT INTO `timetable` VALUES (1403, 5, 1, 3, 1, 12, '');
INSERT INTO `timetable` VALUES (1404, 5, 1, 4, 1, 12, '');
INSERT INTO `timetable` VALUES (1405, 5, 1, 5, 1, 12, '');
INSERT INTO `timetable` VALUES (1406, 5, 2, 1, 1, 12, '');
INSERT INTO `timetable` VALUES (1407, 5, 2, 2, 1, 12, '');
INSERT INTO `timetable` VALUES (1408, 5, 2, 3, 1, 12, '');
INSERT INTO `timetable` VALUES (1409, 5, 2, 4, 1, 12, '');
INSERT INTO `timetable` VALUES (1410, 5, 2, 5, 1, 12, '');
INSERT INTO `timetable` VALUES (1411, 5, 3, 1, 1, 12, '');
INSERT INTO `timetable` VALUES (1412, 5, 3, 2, 1, 12, '');
INSERT INTO `timetable` VALUES (1413, 5, 3, 3, 1, 12, '');
INSERT INTO `timetable` VALUES (1414, 5, 3, 4, 1, 12, '');
INSERT INTO `timetable` VALUES (1415, 5, 3, 5, 1, 12, '');
INSERT INTO `timetable` VALUES (1416, 5, 4, 1, 1, 12, '');
INSERT INTO `timetable` VALUES (1417, 5, 4, 2, 1, 12, '');
INSERT INTO `timetable` VALUES (1418, 5, 4, 3, 1, 12, '');
INSERT INTO `timetable` VALUES (1419, 5, 4, 4, 1, 12, '');
INSERT INTO `timetable` VALUES (1420, 5, 4, 5, 1, 12, '');
INSERT INTO `timetable` VALUES (1421, 5, 5, 1, 1, 12, '');
INSERT INTO `timetable` VALUES (1422, 5, 5, 2, 1, 12, '');
INSERT INTO `timetable` VALUES (1423, 5, 5, 3, 1, 12, '');
INSERT INTO `timetable` VALUES (1424, 5, 5, 4, 1, 12, '');
INSERT INTO `timetable` VALUES (1425, 5, 5, 5, 1, 12, '');
INSERT INTO `timetable` VALUES (1426, 5, 6, 1, 1, 12, '');
INSERT INTO `timetable` VALUES (1427, 5, 6, 2, 1, 12, '');
INSERT INTO `timetable` VALUES (1428, 5, 6, 3, 1, 12, '');
INSERT INTO `timetable` VALUES (1429, 5, 6, 4, 1, 12, '');
INSERT INTO `timetable` VALUES (1430, 5, 6, 5, 1, 12, '');
INSERT INTO `timetable` VALUES (1431, 5, 7, 1, 1, 12, '');
INSERT INTO `timetable` VALUES (1432, 5, 7, 2, 1, 12, '');
INSERT INTO `timetable` VALUES (1433, 5, 7, 3, 1, 12, '');
INSERT INTO `timetable` VALUES (1434, 5, 7, 4, 1, 12, '');
INSERT INTO `timetable` VALUES (1435, 5, 7, 5, 1, 12, '');
INSERT INTO `timetable` VALUES (1436, 6, 1, 1, 1, 12, '');
INSERT INTO `timetable` VALUES (1437, 6, 1, 2, 1, 12, '');
INSERT INTO `timetable` VALUES (1438, 6, 1, 3, 1, 12, '');
INSERT INTO `timetable` VALUES (1439, 6, 1, 4, 1, 12, '');
INSERT INTO `timetable` VALUES (1440, 6, 1, 5, 1, 12, '');
INSERT INTO `timetable` VALUES (1441, 6, 2, 1, 1, 12, '');
INSERT INTO `timetable` VALUES (1442, 6, 2, 2, 1, 12, '');
INSERT INTO `timetable` VALUES (1443, 6, 2, 3, 1, 12, '');
INSERT INTO `timetable` VALUES (1444, 6, 2, 4, 1, 12, '');
INSERT INTO `timetable` VALUES (1445, 6, 2, 5, 1, 12, '');
INSERT INTO `timetable` VALUES (1446, 6, 3, 1, 1, 12, '');
INSERT INTO `timetable` VALUES (1447, 6, 3, 2, 1, 12, '');
INSERT INTO `timetable` VALUES (1448, 6, 3, 3, 1, 12, '');
INSERT INTO `timetable` VALUES (1449, 6, 3, 4, 1, 12, '');
INSERT INTO `timetable` VALUES (1450, 6, 3, 5, 1, 12, '');
INSERT INTO `timetable` VALUES (1451, 6, 4, 1, 1, 12, '');
INSERT INTO `timetable` VALUES (1452, 6, 4, 2, 1, 12, '');
INSERT INTO `timetable` VALUES (1453, 6, 4, 3, 1, 12, '');
INSERT INTO `timetable` VALUES (1454, 6, 4, 4, 1, 12, '');
INSERT INTO `timetable` VALUES (1455, 6, 4, 5, 1, 12, '');
INSERT INTO `timetable` VALUES (1456, 6, 5, 1, 1, 12, '');
INSERT INTO `timetable` VALUES (1457, 6, 5, 2, 1, 12, '');
INSERT INTO `timetable` VALUES (1458, 6, 5, 3, 1, 12, '');
INSERT INTO `timetable` VALUES (1459, 6, 5, 4, 1, 12, '');
INSERT INTO `timetable` VALUES (1460, 6, 5, 5, 1, 12, '');
INSERT INTO `timetable` VALUES (1461, 6, 6, 1, 1, 12, '');
INSERT INTO `timetable` VALUES (1462, 6, 6, 2, 1, 12, '');
INSERT INTO `timetable` VALUES (1463, 6, 6, 3, 1, 12, '');
INSERT INTO `timetable` VALUES (1464, 6, 6, 4, 1, 12, '');
INSERT INTO `timetable` VALUES (1465, 6, 6, 5, 1, 12, '');
INSERT INTO `timetable` VALUES (1466, 6, 7, 1, 1, 12, '');
INSERT INTO `timetable` VALUES (1467, 6, 7, 2, 1, 12, '');
INSERT INTO `timetable` VALUES (1468, 6, 7, 3, 1, 12, '');
INSERT INTO `timetable` VALUES (1469, 6, 7, 4, 1, 12, '');
INSERT INTO `timetable` VALUES (1470, 6, 7, 5, 1, 12, '');
INSERT INTO `timetable` VALUES (1471, 7, 1, 1, 1, 12, '');
INSERT INTO `timetable` VALUES (1472, 7, 1, 2, 1, 12, '');
INSERT INTO `timetable` VALUES (1473, 7, 1, 3, 1, 12, '');
INSERT INTO `timetable` VALUES (1474, 7, 1, 4, 1, 12, '');
INSERT INTO `timetable` VALUES (1475, 7, 1, 5, 1, 12, '');
INSERT INTO `timetable` VALUES (1476, 7, 2, 1, 1, 12, '');
INSERT INTO `timetable` VALUES (1477, 7, 2, 2, 1, 12, '');
INSERT INTO `timetable` VALUES (1478, 7, 2, 3, 1, 12, '');
INSERT INTO `timetable` VALUES (1479, 7, 2, 4, 1, 12, '');
INSERT INTO `timetable` VALUES (1480, 7, 2, 5, 1, 12, '');
INSERT INTO `timetable` VALUES (1481, 7, 3, 1, 1, 12, '');
INSERT INTO `timetable` VALUES (1482, 7, 3, 2, 1, 12, '');
INSERT INTO `timetable` VALUES (1483, 7, 3, 3, 1, 12, '');
INSERT INTO `timetable` VALUES (1484, 7, 3, 4, 1, 12, '');
INSERT INTO `timetable` VALUES (1485, 7, 3, 5, 1, 12, '');
INSERT INTO `timetable` VALUES (1486, 7, 4, 1, 1, 12, '');
INSERT INTO `timetable` VALUES (1487, 7, 4, 2, 1, 12, '');
INSERT INTO `timetable` VALUES (1488, 7, 4, 3, 1, 12, '');
INSERT INTO `timetable` VALUES (1489, 7, 4, 4, 1, 12, '');
INSERT INTO `timetable` VALUES (1490, 7, 4, 5, 1, 12, '');
INSERT INTO `timetable` VALUES (1491, 7, 5, 1, 1, 12, '');
INSERT INTO `timetable` VALUES (1492, 7, 5, 2, 2, 12, '');
INSERT INTO `timetable` VALUES (1493, 7, 5, 3, 1, 12, '');
INSERT INTO `timetable` VALUES (1494, 7, 5, 4, 1, 12, '');
INSERT INTO `timetable` VALUES (1495, 7, 5, 5, 1, 12, '');
INSERT INTO `timetable` VALUES (1496, 7, 6, 1, 1, 12, '');
INSERT INTO `timetable` VALUES (1497, 7, 6, 2, 1, 12, '');
INSERT INTO `timetable` VALUES (1498, 7, 6, 3, 2, 12, '');
INSERT INTO `timetable` VALUES (1499, 7, 6, 4, 1, 12, '');
INSERT INTO `timetable` VALUES (1500, 7, 6, 5, 1, 12, '');
INSERT INTO `timetable` VALUES (1501, 7, 7, 1, 1, 12, '');
INSERT INTO `timetable` VALUES (1502, 7, 7, 2, 1, 12, '');
INSERT INTO `timetable` VALUES (1503, 7, 7, 3, 1, 12, '');
INSERT INTO `timetable` VALUES (1504, 7, 7, 4, 1, 12, '');
INSERT INTO `timetable` VALUES (1505, 7, 7, 5, 1, 12, '');
INSERT INTO `timetable` VALUES (1506, 8, 1, 1, 1, 12, '');
INSERT INTO `timetable` VALUES (1507, 8, 1, 2, 2, 12, '');
INSERT INTO `timetable` VALUES (1508, 8, 1, 3, 1, 12, '');
INSERT INTO `timetable` VALUES (1509, 8, 1, 4, 1, 12, '');
INSERT INTO `timetable` VALUES (1510, 8, 1, 5, 1, 12, '');
INSERT INTO `timetable` VALUES (1511, 8, 2, 1, 1, 12, '');
INSERT INTO `timetable` VALUES (1512, 8, 2, 2, 1, 12, '');
INSERT INTO `timetable` VALUES (1513, 8, 2, 3, 1, 12, '');
INSERT INTO `timetable` VALUES (1514, 8, 2, 4, 1, 12, '');
INSERT INTO `timetable` VALUES (1515, 8, 2, 5, 1, 12, '');
INSERT INTO `timetable` VALUES (1516, 8, 3, 1, 1, 12, '');
INSERT INTO `timetable` VALUES (1517, 8, 3, 2, 1, 12, '');
INSERT INTO `timetable` VALUES (1518, 8, 3, 3, 1, 12, '');
INSERT INTO `timetable` VALUES (1519, 8, 3, 4, 1, 12, '');
INSERT INTO `timetable` VALUES (1520, 8, 3, 5, 1, 12, '');
INSERT INTO `timetable` VALUES (1521, 8, 4, 1, 1, 12, '');
INSERT INTO `timetable` VALUES (1522, 8, 4, 2, 1, 12, '');
INSERT INTO `timetable` VALUES (1523, 8, 4, 3, 1, 12, '');
INSERT INTO `timetable` VALUES (1524, 8, 4, 4, 1, 12, '');
INSERT INTO `timetable` VALUES (1525, 8, 4, 5, 1, 12, '');
INSERT INTO `timetable` VALUES (1526, 8, 5, 1, 1, 12, '');
INSERT INTO `timetable` VALUES (1527, 8, 5, 2, 2, 12, '');
INSERT INTO `timetable` VALUES (1528, 8, 5, 3, 1, 12, '');
INSERT INTO `timetable` VALUES (1529, 8, 5, 4, 1, 12, '');
INSERT INTO `timetable` VALUES (1530, 8, 5, 5, 1, 12, '');
INSERT INTO `timetable` VALUES (1531, 8, 6, 1, 1, 12, '');
INSERT INTO `timetable` VALUES (1532, 8, 6, 2, 2, 12, '');
INSERT INTO `timetable` VALUES (1533, 8, 6, 3, 2, 12, '');
INSERT INTO `timetable` VALUES (1534, 8, 6, 4, 1, 12, '');
INSERT INTO `timetable` VALUES (1535, 8, 6, 5, 1, 12, '');
INSERT INTO `timetable` VALUES (1536, 8, 7, 1, 1, 12, '');
INSERT INTO `timetable` VALUES (1537, 8, 7, 2, 1, 12, '');
INSERT INTO `timetable` VALUES (1538, 8, 7, 3, 1, 12, '');
INSERT INTO `timetable` VALUES (1539, 8, 7, 4, 1, 12, '');
INSERT INTO `timetable` VALUES (1540, 8, 7, 5, 1, 12, '');
INSERT INTO `timetable` VALUES (1541, 9, 1, 1, 1, 12, '');
INSERT INTO `timetable` VALUES (1542, 9, 1, 2, 2, 12, '');
INSERT INTO `timetable` VALUES (1543, 9, 1, 3, 1, 12, '');
INSERT INTO `timetable` VALUES (1544, 9, 1, 4, 1, 12, '');
INSERT INTO `timetable` VALUES (1545, 9, 1, 5, 1, 12, '');
INSERT INTO `timetable` VALUES (1546, 9, 2, 1, 1, 12, '');
INSERT INTO `timetable` VALUES (1547, 9, 2, 2, 1, 12, '');
INSERT INTO `timetable` VALUES (1548, 9, 2, 3, 1, 12, '');
INSERT INTO `timetable` VALUES (1549, 9, 2, 4, 2, 12, '');
INSERT INTO `timetable` VALUES (1550, 9, 2, 5, 2, 12, '');
INSERT INTO `timetable` VALUES (1551, 9, 3, 1, 1, 12, '');
INSERT INTO `timetable` VALUES (1552, 9, 3, 2, 1, 12, '');
INSERT INTO `timetable` VALUES (1553, 9, 3, 3, 1, 12, '');
INSERT INTO `timetable` VALUES (1554, 9, 3, 4, 1, 12, '');
INSERT INTO `timetable` VALUES (1555, 9, 3, 5, 1, 12, '');
INSERT INTO `timetable` VALUES (1556, 9, 4, 1, 1, 12, '');
INSERT INTO `timetable` VALUES (1557, 9, 4, 2, 2, 12, '');
INSERT INTO `timetable` VALUES (1558, 9, 4, 3, 2, 12, '');
INSERT INTO `timetable` VALUES (1559, 9, 4, 4, 1, 12, '');
INSERT INTO `timetable` VALUES (1560, 9, 4, 5, 1, 12, '');
INSERT INTO `timetable` VALUES (1561, 9, 5, 1, 1, 12, '');
INSERT INTO `timetable` VALUES (1562, 9, 5, 2, 2, 12, '');
INSERT INTO `timetable` VALUES (1563, 9, 5, 3, 1, 12, '');
INSERT INTO `timetable` VALUES (1564, 9, 5, 4, 1, 12, '');
INSERT INTO `timetable` VALUES (1565, 9, 5, 5, 1, 12, '');
INSERT INTO `timetable` VALUES (1566, 9, 6, 1, 1, 12, '');
INSERT INTO `timetable` VALUES (1567, 9, 6, 2, 2, 12, '');
INSERT INTO `timetable` VALUES (1568, 9, 6, 3, 2, 12, '');
INSERT INTO `timetable` VALUES (1569, 9, 6, 4, 1, 12, '');
INSERT INTO `timetable` VALUES (1570, 9, 6, 5, 1, 12, '');
INSERT INTO `timetable` VALUES (1571, 9, 7, 1, 1, 12, '');
INSERT INTO `timetable` VALUES (1572, 9, 7, 2, 1, 12, '');
INSERT INTO `timetable` VALUES (1573, 9, 7, 3, 1, 12, '');
INSERT INTO `timetable` VALUES (1574, 9, 7, 4, 1, 12, '');
INSERT INTO `timetable` VALUES (1575, 9, 7, 5, 1, 12, '');
INSERT INTO `timetable` VALUES (1576, 10, 1, 1, 1, 12, '');
INSERT INTO `timetable` VALUES (1577, 10, 1, 2, 2, 12, '');
INSERT INTO `timetable` VALUES (1578, 10, 1, 3, 1, 12, '');
INSERT INTO `timetable` VALUES (1579, 10, 1, 4, 1, 12, '');
INSERT INTO `timetable` VALUES (1580, 10, 1, 5, 1, 12, '');
INSERT INTO `timetable` VALUES (1581, 10, 2, 1, 1, 12, '');
INSERT INTO `timetable` VALUES (1582, 10, 2, 2, 1, 12, '');
INSERT INTO `timetable` VALUES (1583, 10, 2, 3, 1, 12, '');
INSERT INTO `timetable` VALUES (1584, 10, 2, 4, 2, 12, '');
INSERT INTO `timetable` VALUES (1585, 10, 2, 5, 2, 12, '');
INSERT INTO `timetable` VALUES (1586, 10, 3, 1, 1, 12, '');
INSERT INTO `timetable` VALUES (1587, 10, 3, 2, 1, 12, '');
INSERT INTO `timetable` VALUES (1588, 10, 3, 3, 1, 12, '');
INSERT INTO `timetable` VALUES (1589, 10, 3, 4, 1, 12, '');
INSERT INTO `timetable` VALUES (1590, 10, 3, 5, 1, 12, '');
INSERT INTO `timetable` VALUES (1591, 10, 4, 1, 1, 12, '');
INSERT INTO `timetable` VALUES (1592, 10, 4, 2, 2, 12, '');
INSERT INTO `timetable` VALUES (1593, 10, 4, 3, 2, 12, '');
INSERT INTO `timetable` VALUES (1594, 10, 4, 4, 1, 12, '');
INSERT INTO `timetable` VALUES (1595, 10, 4, 5, 1, 12, '');
INSERT INTO `timetable` VALUES (1596, 10, 5, 1, 1, 12, '');
INSERT INTO `timetable` VALUES (1597, 10, 5, 2, 2, 12, '');
INSERT INTO `timetable` VALUES (1598, 10, 5, 3, 1, 12, '');
INSERT INTO `timetable` VALUES (1599, 10, 5, 4, 1, 12, '');
INSERT INTO `timetable` VALUES (1600, 10, 5, 5, 1, 12, '');
INSERT INTO `timetable` VALUES (1601, 10, 6, 1, 1, 12, '');
INSERT INTO `timetable` VALUES (1602, 10, 6, 2, 2, 12, '');
INSERT INTO `timetable` VALUES (1603, 10, 6, 3, 2, 12, '');
INSERT INTO `timetable` VALUES (1604, 10, 6, 4, 1, 12, '');
INSERT INTO `timetable` VALUES (1605, 10, 6, 5, 1, 12, '');
INSERT INTO `timetable` VALUES (1606, 10, 7, 1, 1, 12, '');
INSERT INTO `timetable` VALUES (1607, 10, 7, 2, 1, 12, '');
INSERT INTO `timetable` VALUES (1608, 10, 7, 3, 1, 12, '');
INSERT INTO `timetable` VALUES (1609, 10, 7, 4, 1, 12, '');
INSERT INTO `timetable` VALUES (1610, 10, 7, 5, 1, 12, '');
INSERT INTO `timetable` VALUES (1611, 11, 1, 1, 1, 12, '');
INSERT INTO `timetable` VALUES (1612, 11, 1, 2, 2, 12, '');
INSERT INTO `timetable` VALUES (1613, 11, 1, 3, 1, 12, '');
INSERT INTO `timetable` VALUES (1614, 11, 1, 4, 1, 12, '');
INSERT INTO `timetable` VALUES (1615, 11, 1, 5, 1, 12, '');
INSERT INTO `timetable` VALUES (1616, 11, 2, 1, 1, 12, '');
INSERT INTO `timetable` VALUES (1617, 11, 2, 2, 1, 12, '');
INSERT INTO `timetable` VALUES (1618, 11, 2, 3, 1, 12, '');
INSERT INTO `timetable` VALUES (1619, 11, 2, 4, 2, 12, '');
INSERT INTO `timetable` VALUES (1620, 11, 2, 5, 2, 12, '');
INSERT INTO `timetable` VALUES (1621, 11, 3, 1, 1, 12, '');
INSERT INTO `timetable` VALUES (1622, 11, 3, 2, 1, 12, '');
INSERT INTO `timetable` VALUES (1623, 11, 3, 3, 1, 12, '');
INSERT INTO `timetable` VALUES (1624, 11, 3, 4, 1, 12, '');
INSERT INTO `timetable` VALUES (1625, 11, 3, 5, 1, 12, '');
INSERT INTO `timetable` VALUES (1626, 11, 4, 1, 1, 12, '');
INSERT INTO `timetable` VALUES (1627, 11, 4, 2, 2, 12, '');
INSERT INTO `timetable` VALUES (1628, 11, 4, 3, 2, 12, '');
INSERT INTO `timetable` VALUES (1629, 11, 4, 4, 1, 12, '');
INSERT INTO `timetable` VALUES (1630, 11, 4, 5, 1, 12, '');
INSERT INTO `timetable` VALUES (1631, 11, 5, 1, 1, 12, '');
INSERT INTO `timetable` VALUES (1632, 11, 5, 2, 2, 12, '');
INSERT INTO `timetable` VALUES (1633, 11, 5, 3, 1, 12, '');
INSERT INTO `timetable` VALUES (1634, 11, 5, 4, 1, 12, '');
INSERT INTO `timetable` VALUES (1635, 11, 5, 5, 1, 12, '');
INSERT INTO `timetable` VALUES (1636, 11, 6, 1, 1, 12, '');
INSERT INTO `timetable` VALUES (1637, 11, 6, 2, 2, 12, '');
INSERT INTO `timetable` VALUES (1638, 11, 6, 3, 2, 12, '');
INSERT INTO `timetable` VALUES (1639, 11, 6, 4, 1, 12, '');
INSERT INTO `timetable` VALUES (1640, 11, 6, 5, 1, 12, '');
INSERT INTO `timetable` VALUES (1641, 11, 7, 1, 1, 12, '');
INSERT INTO `timetable` VALUES (1642, 11, 7, 2, 1, 12, '');
INSERT INTO `timetable` VALUES (1643, 11, 7, 3, 1, 12, '');
INSERT INTO `timetable` VALUES (1644, 11, 7, 4, 1, 12, '');
INSERT INTO `timetable` VALUES (1645, 11, 7, 5, 1, 12, '');
INSERT INTO `timetable` VALUES (1646, 12, 1, 1, 1, 12, '');
INSERT INTO `timetable` VALUES (1647, 12, 1, 2, 2, 12, '');
INSERT INTO `timetable` VALUES (1648, 12, 1, 3, 1, 12, '');
INSERT INTO `timetable` VALUES (1649, 12, 1, 4, 1, 12, '');
INSERT INTO `timetable` VALUES (1650, 12, 1, 5, 1, 12, '');
INSERT INTO `timetable` VALUES (1651, 12, 2, 1, 1, 12, '');
INSERT INTO `timetable` VALUES (1652, 12, 2, 2, 1, 12, '');
INSERT INTO `timetable` VALUES (1653, 12, 2, 3, 1, 12, '');
INSERT INTO `timetable` VALUES (1654, 12, 2, 4, 2, 12, '');
INSERT INTO `timetable` VALUES (1655, 12, 2, 5, 2, 12, '');
INSERT INTO `timetable` VALUES (1656, 12, 3, 1, 2, 12, '');
INSERT INTO `timetable` VALUES (1657, 12, 3, 2, 2, 12, '');
INSERT INTO `timetable` VALUES (1658, 12, 3, 3, 1, 12, '');
INSERT INTO `timetable` VALUES (1659, 12, 3, 4, 1, 12, '');
INSERT INTO `timetable` VALUES (1660, 12, 3, 5, 1, 12, '');
INSERT INTO `timetable` VALUES (1661, 12, 4, 1, 1, 12, '');
INSERT INTO `timetable` VALUES (1662, 12, 4, 2, 2, 12, '');
INSERT INTO `timetable` VALUES (1663, 12, 4, 3, 2, 12, '');
INSERT INTO `timetable` VALUES (1664, 12, 4, 4, 1, 12, '');
INSERT INTO `timetable` VALUES (1665, 12, 4, 5, 1, 12, '');
INSERT INTO `timetable` VALUES (1666, 12, 5, 1, 1, 12, '');
INSERT INTO `timetable` VALUES (1667, 12, 5, 2, 2, 12, '');
INSERT INTO `timetable` VALUES (1668, 12, 5, 3, 2, 12, '');
INSERT INTO `timetable` VALUES (1669, 12, 5, 4, 2, 12, '');
INSERT INTO `timetable` VALUES (1670, 12, 5, 5, 1, 12, '');
INSERT INTO `timetable` VALUES (1671, 12, 6, 1, 1, 12, '');
INSERT INTO `timetable` VALUES (1672, 12, 6, 2, 2, 12, '');
INSERT INTO `timetable` VALUES (1673, 12, 6, 3, 2, 12, '');
INSERT INTO `timetable` VALUES (1674, 12, 6, 4, 1, 12, '');
INSERT INTO `timetable` VALUES (1675, 12, 6, 5, 1, 12, '');
INSERT INTO `timetable` VALUES (1676, 12, 7, 1, 1, 12, '');
INSERT INTO `timetable` VALUES (1677, 12, 7, 2, 1, 12, '');
INSERT INTO `timetable` VALUES (1678, 12, 7, 3, 1, 12, '');
INSERT INTO `timetable` VALUES (1679, 12, 7, 4, 1, 12, '');
INSERT INTO `timetable` VALUES (1680, 12, 7, 5, 1, 12, '');
INSERT INTO `timetable` VALUES (1681, 13, 1, 1, 1, 12, '');
INSERT INTO `timetable` VALUES (1682, 13, 1, 2, 2, 12, '');
INSERT INTO `timetable` VALUES (1683, 13, 1, 3, 1, 12, '');
INSERT INTO `timetable` VALUES (1684, 13, 1, 4, 1, 12, '');
INSERT INTO `timetable` VALUES (1685, 13, 1, 5, 1, 12, '');
INSERT INTO `timetable` VALUES (1686, 13, 2, 1, 1, 12, '');
INSERT INTO `timetable` VALUES (1687, 13, 2, 2, 1, 12, '');
INSERT INTO `timetable` VALUES (1688, 13, 2, 3, 1, 12, '');
INSERT INTO `timetable` VALUES (1689, 13, 2, 4, 1, 12, '');
INSERT INTO `timetable` VALUES (1690, 13, 2, 5, 1, 12, '');
INSERT INTO `timetable` VALUES (1691, 13, 3, 1, 2, 12, '');
INSERT INTO `timetable` VALUES (1692, 13, 3, 2, 2, 12, '');
INSERT INTO `timetable` VALUES (1693, 13, 3, 3, 1, 12, '');
INSERT INTO `timetable` VALUES (1694, 13, 3, 4, 1, 12, '');
INSERT INTO `timetable` VALUES (1695, 13, 3, 5, 1, 12, '');
INSERT INTO `timetable` VALUES (1696, 13, 4, 1, 1, 12, '');
INSERT INTO `timetable` VALUES (1697, 13, 4, 2, 1, 12, '');
INSERT INTO `timetable` VALUES (1698, 13, 4, 3, 1, 12, '');
INSERT INTO `timetable` VALUES (1699, 13, 4, 4, 1, 12, '');
INSERT INTO `timetable` VALUES (1700, 13, 4, 5, 1, 12, '');
INSERT INTO `timetable` VALUES (1701, 13, 5, 1, 1, 12, '');
INSERT INTO `timetable` VALUES (1702, 13, 5, 2, 2, 12, '');
INSERT INTO `timetable` VALUES (1703, 13, 5, 3, 2, 12, '');
INSERT INTO `timetable` VALUES (1704, 13, 5, 4, 2, 12, '');
INSERT INTO `timetable` VALUES (1705, 13, 5, 5, 1, 12, '');
INSERT INTO `timetable` VALUES (1706, 13, 6, 1, 1, 12, '');
INSERT INTO `timetable` VALUES (1707, 13, 6, 2, 2, 12, '');
INSERT INTO `timetable` VALUES (1708, 13, 6, 3, 2, 12, '');
INSERT INTO `timetable` VALUES (1709, 13, 6, 4, 1, 12, '');
INSERT INTO `timetable` VALUES (1710, 13, 6, 5, 1, 12, '');
INSERT INTO `timetable` VALUES (1711, 13, 7, 1, 1, 12, '');
INSERT INTO `timetable` VALUES (1712, 13, 7, 2, 1, 12, '');
INSERT INTO `timetable` VALUES (1713, 13, 7, 3, 1, 12, '');
INSERT INTO `timetable` VALUES (1714, 13, 7, 4, 1, 12, '');
INSERT INTO `timetable` VALUES (1715, 13, 7, 5, 1, 12, '');
INSERT INTO `timetable` VALUES (1716, 14, 1, 1, 1, 12, '');
INSERT INTO `timetable` VALUES (1717, 14, 1, 2, 2, 12, '');
INSERT INTO `timetable` VALUES (1718, 14, 1, 3, 1, 12, '');
INSERT INTO `timetable` VALUES (1719, 14, 1, 4, 1, 12, '');
INSERT INTO `timetable` VALUES (1720, 14, 1, 5, 1, 12, '');
INSERT INTO `timetable` VALUES (1721, 14, 2, 1, 1, 12, '');
INSERT INTO `timetable` VALUES (1722, 14, 2, 2, 1, 12, '');
INSERT INTO `timetable` VALUES (1723, 14, 2, 3, 1, 12, '');
INSERT INTO `timetable` VALUES (1724, 14, 2, 4, 1, 12, '');
INSERT INTO `timetable` VALUES (1725, 14, 2, 5, 1, 12, '');
INSERT INTO `timetable` VALUES (1726, 14, 3, 1, 2, 12, '');
INSERT INTO `timetable` VALUES (1727, 14, 3, 2, 2, 12, '');
INSERT INTO `timetable` VALUES (1728, 14, 3, 3, 1, 12, '');
INSERT INTO `timetable` VALUES (1729, 14, 3, 4, 1, 12, '');
INSERT INTO `timetable` VALUES (1730, 14, 3, 5, 1, 12, '');
INSERT INTO `timetable` VALUES (1731, 14, 4, 1, 1, 12, '');
INSERT INTO `timetable` VALUES (1732, 14, 4, 2, 1, 12, '');
INSERT INTO `timetable` VALUES (1733, 14, 4, 3, 1, 12, '');
INSERT INTO `timetable` VALUES (1734, 14, 4, 4, 1, 12, '');
INSERT INTO `timetable` VALUES (1735, 14, 4, 5, 1, 12, '');
INSERT INTO `timetable` VALUES (1736, 14, 5, 1, 1, 12, '');
INSERT INTO `timetable` VALUES (1737, 14, 5, 2, 2, 12, '');
INSERT INTO `timetable` VALUES (1738, 14, 5, 3, 2, 12, '');
INSERT INTO `timetable` VALUES (1739, 14, 5, 4, 2, 12, '');
INSERT INTO `timetable` VALUES (1740, 14, 5, 5, 1, 12, '');
INSERT INTO `timetable` VALUES (1741, 14, 6, 1, 1, 12, '');
INSERT INTO `timetable` VALUES (1742, 14, 6, 2, 2, 12, '');
INSERT INTO `timetable` VALUES (1743, 14, 6, 3, 2, 12, '');
INSERT INTO `timetable` VALUES (1744, 14, 6, 4, 1, 12, '');
INSERT INTO `timetable` VALUES (1745, 14, 6, 5, 1, 12, '');
INSERT INTO `timetable` VALUES (1746, 14, 7, 1, 1, 12, '');
INSERT INTO `timetable` VALUES (1747, 14, 7, 2, 1, 12, '');
INSERT INTO `timetable` VALUES (1748, 14, 7, 3, 1, 12, '');
INSERT INTO `timetable` VALUES (1749, 14, 7, 4, 1, 12, '');
INSERT INTO `timetable` VALUES (1750, 14, 7, 5, 1, 12, '');
INSERT INTO `timetable` VALUES (1751, 15, 1, 1, 1, 12, '');
INSERT INTO `timetable` VALUES (1752, 15, 1, 2, 2, 12, '');
INSERT INTO `timetable` VALUES (1753, 15, 1, 3, 1, 12, '');
INSERT INTO `timetable` VALUES (1754, 15, 1, 4, 1, 12, '');
INSERT INTO `timetable` VALUES (1755, 15, 1, 5, 1, 12, '');
INSERT INTO `timetable` VALUES (1756, 15, 2, 1, 1, 12, '');
INSERT INTO `timetable` VALUES (1757, 15, 2, 2, 1, 12, '');
INSERT INTO `timetable` VALUES (1758, 15, 2, 3, 1, 12, '');
INSERT INTO `timetable` VALUES (1759, 15, 2, 4, 1, 12, '');
INSERT INTO `timetable` VALUES (1760, 15, 2, 5, 1, 12, '');
INSERT INTO `timetable` VALUES (1761, 15, 3, 1, 2, 12, '');
INSERT INTO `timetable` VALUES (1762, 15, 3, 2, 2, 12, '');
INSERT INTO `timetable` VALUES (1763, 15, 3, 3, 1, 12, '');
INSERT INTO `timetable` VALUES (1764, 15, 3, 4, 1, 12, '');
INSERT INTO `timetable` VALUES (1765, 15, 3, 5, 1, 12, '');
INSERT INTO `timetable` VALUES (1766, 15, 4, 1, 1, 12, '');
INSERT INTO `timetable` VALUES (1767, 15, 4, 2, 1, 12, '');
INSERT INTO `timetable` VALUES (1768, 15, 4, 3, 1, 12, '');
INSERT INTO `timetable` VALUES (1769, 15, 4, 4, 1, 12, '');
INSERT INTO `timetable` VALUES (1770, 15, 4, 5, 1, 12, '');
INSERT INTO `timetable` VALUES (1771, 15, 5, 1, 1, 12, '');
INSERT INTO `timetable` VALUES (1772, 15, 5, 2, 1, 12, '');
INSERT INTO `timetable` VALUES (1773, 15, 5, 3, 2, 12, '');
INSERT INTO `timetable` VALUES (1774, 15, 5, 4, 2, 12, '');
INSERT INTO `timetable` VALUES (1775, 15, 5, 5, 1, 12, '');
INSERT INTO `timetable` VALUES (1776, 15, 6, 1, 1, 12, '');
INSERT INTO `timetable` VALUES (1777, 15, 6, 2, 2, 12, '');
INSERT INTO `timetable` VALUES (1778, 15, 6, 3, 1, 12, '');
INSERT INTO `timetable` VALUES (1779, 15, 6, 4, 1, 12, '');
INSERT INTO `timetable` VALUES (1780, 15, 6, 5, 1, 12, '');
INSERT INTO `timetable` VALUES (1781, 15, 7, 1, 1, 12, '');
INSERT INTO `timetable` VALUES (1782, 15, 7, 2, 1, 12, '');
INSERT INTO `timetable` VALUES (1783, 15, 7, 3, 1, 12, '');
INSERT INTO `timetable` VALUES (1784, 15, 7, 4, 1, 12, '');
INSERT INTO `timetable` VALUES (1785, 15, 7, 5, 1, 12, '');
INSERT INTO `timetable` VALUES (1786, 16, 1, 1, 1, 12, '');
INSERT INTO `timetable` VALUES (1787, 16, 1, 2, 1, 12, '');
INSERT INTO `timetable` VALUES (1788, 16, 1, 3, 1, 12, '');
INSERT INTO `timetable` VALUES (1789, 16, 1, 4, 1, 12, '');
INSERT INTO `timetable` VALUES (1790, 16, 1, 5, 1, 12, '');
INSERT INTO `timetable` VALUES (1791, 16, 2, 1, 1, 12, '');
INSERT INTO `timetable` VALUES (1792, 16, 2, 2, 1, 12, '');
INSERT INTO `timetable` VALUES (1793, 16, 2, 3, 1, 12, '');
INSERT INTO `timetable` VALUES (1794, 16, 2, 4, 1, 12, '');
INSERT INTO `timetable` VALUES (1795, 16, 2, 5, 1, 12, '');
INSERT INTO `timetable` VALUES (1796, 16, 3, 1, 1, 12, '');
INSERT INTO `timetable` VALUES (1797, 16, 3, 2, 1, 12, '');
INSERT INTO `timetable` VALUES (1798, 16, 3, 3, 1, 12, '');
INSERT INTO `timetable` VALUES (1799, 16, 3, 4, 1, 12, '');
INSERT INTO `timetable` VALUES (1800, 16, 3, 5, 1, 12, '');
INSERT INTO `timetable` VALUES (1801, 16, 4, 1, 1, 12, '');
INSERT INTO `timetable` VALUES (1802, 16, 4, 2, 1, 12, '');
INSERT INTO `timetable` VALUES (1803, 16, 4, 3, 1, 12, '');
INSERT INTO `timetable` VALUES (1804, 16, 4, 4, 1, 12, '');
INSERT INTO `timetable` VALUES (1805, 16, 4, 5, 1, 12, '');
INSERT INTO `timetable` VALUES (1806, 16, 5, 1, 1, 12, '');
INSERT INTO `timetable` VALUES (1807, 16, 5, 2, 1, 12, '');
INSERT INTO `timetable` VALUES (1808, 16, 5, 3, 1, 12, '');
INSERT INTO `timetable` VALUES (1809, 16, 5, 4, 1, 12, '');
INSERT INTO `timetable` VALUES (1810, 16, 5, 5, 1, 12, '');
INSERT INTO `timetable` VALUES (1811, 16, 6, 1, 1, 12, '');
INSERT INTO `timetable` VALUES (1812, 16, 6, 2, 1, 12, '');
INSERT INTO `timetable` VALUES (1813, 16, 6, 3, 1, 12, '');
INSERT INTO `timetable` VALUES (1814, 16, 6, 4, 1, 12, '');
INSERT INTO `timetable` VALUES (1815, 16, 6, 5, 1, 12, '');
INSERT INTO `timetable` VALUES (1816, 16, 7, 1, 1, 12, '');
INSERT INTO `timetable` VALUES (1817, 16, 7, 2, 1, 12, '');
INSERT INTO `timetable` VALUES (1818, 16, 7, 3, 1, 12, '');
INSERT INTO `timetable` VALUES (1819, 16, 7, 4, 1, 12, '');
INSERT INTO `timetable` VALUES (1820, 16, 7, 5, 1, 12, '');
INSERT INTO `timetable` VALUES (1821, 17, 1, 1, 1, 12, '');
INSERT INTO `timetable` VALUES (1822, 17, 1, 2, 1, 12, '');
INSERT INTO `timetable` VALUES (1823, 17, 1, 3, 1, 12, '');
INSERT INTO `timetable` VALUES (1824, 17, 1, 4, 1, 12, '');
INSERT INTO `timetable` VALUES (1825, 17, 1, 5, 1, 12, '');
INSERT INTO `timetable` VALUES (1826, 17, 2, 1, 1, 12, '');
INSERT INTO `timetable` VALUES (1827, 17, 2, 2, 1, 12, '');
INSERT INTO `timetable` VALUES (1828, 17, 2, 3, 1, 12, '');
INSERT INTO `timetable` VALUES (1829, 17, 2, 4, 1, 12, '');
INSERT INTO `timetable` VALUES (1830, 17, 2, 5, 1, 12, '');
INSERT INTO `timetable` VALUES (1831, 17, 3, 1, 1, 12, '');
INSERT INTO `timetable` VALUES (1832, 17, 3, 2, 1, 12, '');
INSERT INTO `timetable` VALUES (1833, 17, 3, 3, 1, 12, '');
INSERT INTO `timetable` VALUES (1834, 17, 3, 4, 1, 12, '');
INSERT INTO `timetable` VALUES (1835, 17, 3, 5, 1, 12, '');
INSERT INTO `timetable` VALUES (1836, 17, 4, 1, 1, 12, '');
INSERT INTO `timetable` VALUES (1837, 17, 4, 2, 1, 12, '');
INSERT INTO `timetable` VALUES (1838, 17, 4, 3, 1, 12, '');
INSERT INTO `timetable` VALUES (1839, 17, 4, 4, 1, 12, '');
INSERT INTO `timetable` VALUES (1840, 17, 4, 5, 1, 12, '');
INSERT INTO `timetable` VALUES (1841, 17, 5, 1, 1, 12, '');
INSERT INTO `timetable` VALUES (1842, 17, 5, 2, 1, 12, '');
INSERT INTO `timetable` VALUES (1843, 17, 5, 3, 1, 12, '');
INSERT INTO `timetable` VALUES (1844, 17, 5, 4, 1, 12, '');
INSERT INTO `timetable` VALUES (1845, 17, 5, 5, 1, 12, '');
INSERT INTO `timetable` VALUES (1846, 17, 6, 1, 1, 12, '');
INSERT INTO `timetable` VALUES (1847, 17, 6, 2, 1, 12, '');
INSERT INTO `timetable` VALUES (1848, 17, 6, 3, 1, 12, '');
INSERT INTO `timetable` VALUES (1849, 17, 6, 4, 1, 12, '');
INSERT INTO `timetable` VALUES (1850, 17, 6, 5, 1, 12, '');
INSERT INTO `timetable` VALUES (1851, 17, 7, 1, 1, 12, '');
INSERT INTO `timetable` VALUES (1852, 17, 7, 2, 1, 12, '');
INSERT INTO `timetable` VALUES (1853, 17, 7, 3, 1, 12, '');
INSERT INTO `timetable` VALUES (1854, 17, 7, 4, 1, 12, '');
INSERT INTO `timetable` VALUES (1855, 17, 7, 5, 1, 12, '');
INSERT INTO `timetable` VALUES (1856, 18, 1, 1, 1, 12, '');
INSERT INTO `timetable` VALUES (1857, 18, 1, 2, 1, 12, '');
INSERT INTO `timetable` VALUES (1858, 18, 1, 3, 1, 12, '');
INSERT INTO `timetable` VALUES (1859, 18, 1, 4, 1, 12, '');
INSERT INTO `timetable` VALUES (1860, 18, 1, 5, 1, 12, '');
INSERT INTO `timetable` VALUES (1861, 18, 2, 1, 1, 12, '');
INSERT INTO `timetable` VALUES (1862, 18, 2, 2, 1, 12, '');
INSERT INTO `timetable` VALUES (1863, 18, 2, 3, 1, 12, '');
INSERT INTO `timetable` VALUES (1864, 18, 2, 4, 1, 12, '');
INSERT INTO `timetable` VALUES (1865, 18, 2, 5, 1, 12, '');
INSERT INTO `timetable` VALUES (1866, 18, 3, 1, 1, 12, '');
INSERT INTO `timetable` VALUES (1867, 18, 3, 2, 1, 12, '');
INSERT INTO `timetable` VALUES (1868, 18, 3, 3, 1, 12, '');
INSERT INTO `timetable` VALUES (1869, 18, 3, 4, 1, 12, '');
INSERT INTO `timetable` VALUES (1870, 18, 3, 5, 1, 12, '');
INSERT INTO `timetable` VALUES (1871, 18, 4, 1, 1, 12, '');
INSERT INTO `timetable` VALUES (1872, 18, 4, 2, 1, 12, '');
INSERT INTO `timetable` VALUES (1873, 18, 4, 3, 1, 12, '');
INSERT INTO `timetable` VALUES (1874, 18, 4, 4, 1, 12, '');
INSERT INTO `timetable` VALUES (1875, 18, 4, 5, 1, 12, '');
INSERT INTO `timetable` VALUES (1876, 18, 5, 1, 1, 12, '');
INSERT INTO `timetable` VALUES (1877, 18, 5, 2, 1, 12, '');
INSERT INTO `timetable` VALUES (1878, 18, 5, 3, 1, 12, '');
INSERT INTO `timetable` VALUES (1879, 18, 5, 4, 1, 12, '');
INSERT INTO `timetable` VALUES (1880, 18, 5, 5, 1, 12, '');
INSERT INTO `timetable` VALUES (1881, 18, 6, 1, 1, 12, '');
INSERT INTO `timetable` VALUES (1882, 18, 6, 2, 1, 12, '');
INSERT INTO `timetable` VALUES (1883, 18, 6, 3, 1, 12, '');
INSERT INTO `timetable` VALUES (1884, 18, 6, 4, 1, 12, '');
INSERT INTO `timetable` VALUES (1885, 18, 6, 5, 1, 12, '');
INSERT INTO `timetable` VALUES (1886, 18, 7, 1, 1, 12, '');
INSERT INTO `timetable` VALUES (1887, 18, 7, 2, 1, 12, '');
INSERT INTO `timetable` VALUES (1888, 18, 7, 3, 1, 12, '');
INSERT INTO `timetable` VALUES (1889, 18, 7, 4, 1, 12, '');
INSERT INTO `timetable` VALUES (1890, 18, 7, 5, 1, 12, '');

SET FOREIGN_KEY_CHECKS = 1;
